16.08.2019;Bayern;0;Hertha BSC;0;24;Hertha BSC;marko;grujic;36;Hertha BSC;marko;grujic;39;Hertha BSC;marko;grujic;60;Hertha BSC;marko;grujic;24;Bayern;robert;lewandowski;36;Bayern;robert;lewandowski;39;Bayern;robert;lewandowski;60;Bayern;robert;lewandowski;24;Hertha BSC;dodi;lukebakio;36;Hertha BSC;dodi;lukebakio;39;Hertha BSC;dodi;lukebakio;60;Hertha BSC;dodi;lukebakio;
17.08.2019;Bremen;0;Düsseldorf;0;36;Düsseldorf;kaan;ayhan;47;Düsseldorf;kaan;ayhan;52;Düsseldorf;kaan;ayhan;64;Düsseldorf;kaan;ayhan;36;Bremen;johannes;eggestein;47;Bremen;johannes;eggestein;52;Bremen;johannes;eggestein;64;Bremen;johannes;eggestein;36;Düsseldorf;rouwen;hennings;47;Düsseldorf;rouwen;hennings;52;Düsseldorf;rouwen;hennings;64;Düsseldorf;rouwen;hennings;36;Düsseldorf;kenan;karaman;47;Düsseldorf;kenan;karaman;52;Düsseldorf;kenan;karaman;64;Düsseldorf;kenan;karaman;
17.08.2019;Freiburg;0;Mainz;0;81;Freiburg;lucas;holer;84;Freiburg;lucas;holer;87;Freiburg;lucas;holer;81;Freiburg;jonathan;schmid;84;Freiburg;jonathan;schmid;87;Freiburg;jonathan;schmid;81;Freiburg;luca;waldschmidt;84;Freiburg;luca;waldschmidt;87;Freiburg;luca;waldschmidt;
17.08.2019;Dortmund;0;Augsburg;0;1;Dortmund;paco;alcacer;3;Dortmund;paco;alcacer;51;Dortmund;paco;alcacer;57;Dortmund;paco;alcacer;59;Dortmund;paco;alcacer;82;Dortmund;paco;alcacer;1;Dortmund;julian;brandt;3;Dortmund;julian;brandt;51;Dortmund;julian;brandt;57;Dortmund;julian;brandt;59;Dortmund;julian;brandt;82;Dortmund;julian;brandt;1;Augsburg;florian;niederlechner;3;Augsburg;florian;niederlechner;51;Augsburg;florian;niederlechner;57;Augsburg;florian;niederlechner;59;Augsburg;florian;niederlechner;82;Augsburg;florian;niederlechner;1;Dortmund;marco;reus;3;Dortmund;marco;reus;51;Dortmund;marco;reus;57;Dortmund;marco;reus;59;Dortmund;marco;reus;82;Dortmund;marco;reus;1;Dortmund;jadon;sancho;3;Dortmund;jadon;sancho;51;Dortmund;jadon;sancho;57;Dortmund;jadon;sancho;59;Dortmund;jadon;sancho;82;Dortmund;jadon;sancho;
17.08.2019;Leverkusen;0;Paderborn;0;10;Leverkusen;leon;bailey;15;Leverkusen;leon;bailey;19;Leverkusen;leon;bailey;25;Leverkusen;leon;bailey;69;Leverkusen;leon;bailey;10;Leverkusen;kai;havertz;15;Leverkusen;kai;havertz;19;Leverkusen;kai;havertz;25;Leverkusen;kai;havertz;69;Leverkusen;kai;havertz;10;Paderborn;streli;mamba;15;Paderborn;streli;mamba;19;Paderborn;streli;mamba;25;Paderborn;streli;mamba;69;Paderborn;streli;mamba;10;Paderborn;sven;michel;15;Paderborn;sven;michel;19;Paderborn;sven;michel;25;Paderborn;sven;michel;69;Paderborn;sven;michel;10;Leverkusen;kevin;volland;15;Leverkusen;kevin;volland;19;Leverkusen;kevin;volland;25;Leverkusen;kevin;volland;69;Leverkusen;kevin;volland;
17.08.2019;Wolfsburg;0;Köln;0;16;Wolfsburg;maximilian;arnold;60;Wolfsburg;maximilian;arnold;90;Wolfsburg;maximilian;arnold;16;Köln;simon;terodde;60;Köln;simon;terodde;90;Köln;simon;terodde;16;Wolfsburg;wout;weghorst;60;Wolfsburg;wout;weghorst;90;Wolfsburg;wout;weghorst;
17.08.2019;Mönchengladbach;0;Schalke;0;
18.08.2019;Frankfurt;0;Hoffenheim;0;1;Frankfurt;martin;hinteregger;
18.08.2019;Union Berlin;0;RB Leipzig;0;16;RB Leipzig;marcel;halstenberg;31;RB Leipzig;marcel;halstenberg;42;RB Leipzig;marcel;halstenberg;69;RB Leipzig;marcel;halstenberg;16;RB Leipzig;christopher;nkunku;31;RB Leipzig;christopher;nkunku;42;RB Leipzig;christopher;nkunku;69;RB Leipzig;christopher;nkunku;16;RB Leipzig;marcel;sabitzer;31;RB Leipzig;marcel;sabitzer;42;RB Leipzig;marcel;sabitzer;69;RB Leipzig;marcel;sabitzer;16;RB Leipzig;timo;werner;31;RB Leipzig;timo;werner;42;RB Leipzig;timo;werner;69;RB Leipzig;timo;werner;
23.08.2019;Köln;0;Dortmund;0;29;Dortmund;paco;alcacer;70;Dortmund;paco;alcacer;86;Dortmund;paco;alcacer;90;Dortmund;paco;alcacer;29;Köln;dominick;drexler;70;Köln;dominick;drexler;86;Köln;dominick;drexler;90;Köln;dominick;drexler;29;Dortmund;achraf;hakimi;70;Dortmund;achraf;hakimi;86;Dortmund;achraf;hakimi;90;Dortmund;achraf;hakimi;29;Dortmund;jadon;sancho;70;Dortmund;jadon;sancho;86;Dortmund;jadon;sancho;90;Dortmund;jadon;sancho;
24.08.2019;Augsburg;0;Union Berlin;0;59;Union Berlin;sebastian;andersson;80;Union Berlin;sebastian;andersson;59;Augsburg;ruben;vargas;80;Augsburg;ruben;vargas;
24.08.2019;Paderborn;0;Freiburg;0;3;Freiburg;kwon;chang;21;Freiburg;kwon;chang;40;Freiburg;kwon;chang;90;Freiburg;kwon;chang;3;Paderborn;streli;mamba;21;Paderborn;streli;mamba;40;Paderborn;streli;mamba;90;Paderborn;streli;mamba;3;Freiburg;nils;petersen;21;Freiburg;nils;petersen;40;Freiburg;nils;petersen;90;Freiburg;nils;petersen;3;Freiburg;luca;waldschmidt;21;Freiburg;luca;waldschmidt;40;Freiburg;luca;waldschmidt;90;Freiburg;luca;waldschmidt;
24.08.2019;Hoffenheim;0;Bremen;0;42;Hoffenheim;ihlas;bebou;54;Hoffenheim;ihlas;bebou;59;Hoffenheim;ihlas;bebou;81;Hoffenheim;ihlas;bebou;87;Hoffenheim;ihlas;bebou;42;Hoffenheim;ermin;bicakcic;54;Hoffenheim;ermin;bicakcic;59;Hoffenheim;ermin;bicakcic;81;Hoffenheim;ermin;bicakcic;87;Hoffenheim;ermin;bicakcic;42;Bremen;niclas;fuellkrug;54;Bremen;niclas;fuellkrug;59;Bremen;niclas;fuellkrug;81;Bremen;niclas;fuellkrug;87;Bremen;niclas;fuellkrug;42;Hoffenheim;pavel;kade?abek;54;Hoffenheim;pavel;kade?abek;59;Hoffenheim;pavel;kade?abek;81;Hoffenheim;pavel;kade?abek;87;Hoffenheim;pavel;kade?abek;42;Bremen;yuya;osako;54;Bremen;yuya;osako;59;Bremen;yuya;osako;81;Bremen;yuya;osako;87;Bremen;yuya;osako;
24.08.2019;Düsseldorf;0;Leverkusen;0;6;Leverkusen;charles;aranguiz;33;Leverkusen;charles;aranguiz;39;Leverkusen;charles;aranguiz;82;Leverkusen;charles;aranguiz;6;Leverkusen;lewis;baker;33;Leverkusen;lewis;baker;39;Leverkusen;lewis;baker;82;Leverkusen;lewis;baker;6;Leverkusen;karim;bellarabi;33;Leverkusen;karim;bellarabi;39;Leverkusen;karim;bellarabi;82;Leverkusen;karim;bellarabi;6;Düsseldorf;alfredo;morales;33;Düsseldorf;alfredo;morales;39;Düsseldorf;alfredo;morales;82;Düsseldorf;alfredo;morales;
24.08.2019;Mainz;0;Mönchengladbach;0;18;Mönchengladbach;breel;embolo;31;Mönchengladbach;breel;embolo;77;Mönchengladbach;breel;embolo;79;Mönchengladbach;breel;embolo;18;Mönchengladbach;stefan;lainer;31;Mönchengladbach;stefan;lainer;77;Mönchengladbach;stefan;lainer;79;Mönchengladbach;stefan;lainer;18;Mönchengladbach;alassane;plea;31;Mönchengladbach;alassane;plea;77;Mönchengladbach;alassane;plea;79;Mönchengladbach;alassane;plea;18;Mainz;robin;quaison;31;Mainz;robin;quaison;77;Mainz;robin;quaison;79;Mainz;robin;quaison;
24.08.2019;Schalke;0;Bayern;0;20;Bayern;robert;lewandowski;50;Bayern;robert;lewandowski;75;Bayern;robert;lewandowski;
25.08.2019;RB Leipzig;0;Frankfurt;0;10;Frankfurt;goncalo;paciencia;80;Frankfurt;goncalo;paciencia;89;Frankfurt;goncalo;paciencia;10;RB Leipzig;yussuf;poulsen;80;RB Leipzig;yussuf;poulsen;89;RB Leipzig;yussuf;poulsen;10;RB Leipzig;timo;werner;80;RB Leipzig;timo;werner;89;RB Leipzig;timo;werner;
25.08.2019;Hertha BSC;0;Wolfsburg;0;9;Wolfsburg;josip;brekalo;82;Wolfsburg;josip;brekalo;90;Wolfsburg;josip;brekalo;9;Wolfsburg;jerome;roussillon;82;Wolfsburg;jerome;roussillon;90;Wolfsburg;jerome;roussillon;9;Wolfsburg;wout;weghorst;82;Wolfsburg;wout;weghorst;90;Wolfsburg;wout;weghorst;
30.08.2019;Mönchengladbach;0;RB Leipzig;0;38;Mönchengladbach;breel;embolo;47;Mönchengladbach;breel;embolo;90;Mönchengladbach;breel;embolo;90;Mönchengladbach;breel;embolo;38;RB Leipzig;timo;werner;47;RB Leipzig;timo;werner;90;RB Leipzig;timo;werner;90;RB Leipzig;timo;werner;
31.08.2019;Bayern;0;Mainz;0;6;Bayern;david;alaba;36;Bayern;david;alaba;45;Bayern;david;alaba;54;Bayern;david;alaba;64;Bayern;david;alaba;78;Bayern;david;alaba;80;Bayern;david;alaba;6;Bayern;kingsley;coman;36;Bayern;kingsley;coman;45;Bayern;kingsley;coman;54;Bayern;kingsley;coman;64;Bayern;kingsley;coman;78;Bayern;kingsley;coman;80;Bayern;kingsley;coman;6;Bayern;alphonso;davies;36;Bayern;alphonso;davies;45;Bayern;alphonso;davies;54;Bayern;alphonso;davies;64;Bayern;alphonso;davies;78;Bayern;alphonso;davies;80;Bayern;alphonso;davies;6;Bayern;robert;lewandowski;36;Bayern;robert;lewandowski;45;Bayern;robert;lewandowski;54;Bayern;robert;lewandowski;64;Bayern;robert;lewandowski;78;Bayern;robert;lewandowski;80;Bayern;robert;lewandowski;6;Mainz;jean;paul;36;Mainz;jean;paul;45;Mainz;jean;paul;54;Mainz;jean;paul;64;Mainz;jean;paul;78;Mainz;jean;paul;80;Mainz;jean;paul;6;Bayern;benjamin;pavard;36;Bayern;benjamin;pavard;45;Bayern;benjamin;pavard;54;Bayern;benjamin;pavard;64;Bayern;benjamin;pavard;78;Bayern;benjamin;pavard;80;Bayern;benjamin;pavard;6;Bayern;ivan;perisic;36;Bayern;ivan;perisic;45;Bayern;ivan;perisic;54;Bayern;ivan;perisic;64;Bayern;ivan;perisic;78;Bayern;ivan;perisic;80;Bayern;ivan;perisic;
31.08.2019;Leverkusen;0;Hoffenheim;0;
31.08.2019;Wolfsburg;0;Paderborn;0;12;Wolfsburg;josip;brekalo;56;Wolfsburg;josip;brekalo;12;Paderborn;;cauly;56;Paderborn;;cauly;
31.08.2019;Freiburg;0;Köln;0;40;Freiburg;rafael;czichos;52;Freiburg;rafael;czichos;90;Freiburg;rafael;czichos;40;Köln;anthony;modeste;52;Köln;anthony;modeste;90;Köln;anthony;modeste;40;Köln;ellyes;skhiri;52;Köln;ellyes;skhiri;90;Köln;ellyes;skhiri;
31.08.2019;Schalke;0;Hertha BSC;0;38;Schalke;jonjoe;kenny;48;Schalke;jonjoe;kenny;85;Schalke;jonjoe;kenny;38;Schalke;karim;rekik;48;Schalke;karim;rekik;85;Schalke;karim;rekik;38;Schalke;niklas;stark;48;Schalke;niklas;stark;85;Schalke;niklas;stark;
31.08.2019;Union Berlin;0;Dortmund;0;22;Dortmund;paco;alcacer;25;Dortmund;paco;alcacer;50;Dortmund;paco;alcacer;75;Dortmund;paco;alcacer;22;Union Berlin;sebastian;andersson;25;Union Berlin;sebastian;andersson;50;Union Berlin;sebastian;andersson;75;Union Berlin;sebastian;andersson;22;Union Berlin;marius;bulter;25;Union Berlin;marius;bulter;50;Union Berlin;marius;bulter;75;Union Berlin;marius;bulter;
01.09.2019;Bremen;0;Augsburg;0;6;Bremen;yuya;osako;12;Bremen;yuya;osako;21;Bremen;yuya;osako;46;Bremen;yuya;osako;67;Bremen;yuya;osako;6;Bremen;josh;sargent;12;Bremen;josh;sargent;21;Bremen;josh;sargent;46;Bremen;josh;sargent;67;Bremen;josh;sargent;6;Augsburg;ruben;vargas;12;Augsburg;ruben;vargas;21;Augsburg;ruben;vargas;46;Augsburg;ruben;vargas;67;Augsburg;ruben;vargas;
01.09.2019;Frankfurt;0;Düsseldorf;0;36;Frankfurt;bas;dost;57;Frankfurt;bas;dost;86;Frankfurt;bas;dost;36;Düsseldorf;rouwen;hennings;57;Düsseldorf;rouwen;hennings;86;Düsseldorf;rouwen;hennings;36;Frankfurt;goncalo;paciencia;57;Frankfurt;goncalo;paciencia;86;Frankfurt;goncalo;paciencia;
13.09.2019;Düsseldorf;0;Wolfsburg;0;16;Düsseldorf;niko;giesselmann;29;Düsseldorf;niko;giesselmann;16;Wolfsburg;wout;weghorst;29;Wolfsburg;wout;weghorst;
14.09.2019;Köln;0;Mönchengladbach;0;14;Mönchengladbach;alassane;plea;
14.09.2019;Union Berlin;0;Bremen;0;5;Union Berlin;sebastian;andersson;14;Union Berlin;sebastian;andersson;55;Union Berlin;sebastian;andersson;5;Bremen;niclas;fuellkrug;14;Bremen;niclas;fuellkrug;55;Bremen;niclas;fuellkrug;5;Bremen;davy;klaassen;14;Bremen;davy;klaassen;55;Bremen;davy;klaassen;
14.09.2019;Dortmund;0;Leverkusen;0;28;Dortmund;paco;alcacer;50;Dortmund;paco;alcacer;83;Dortmund;paco;alcacer;90;Dortmund;paco;alcacer;28;Dortmund;raphael;guerreiro;50;Dortmund;raphael;guerreiro;83;Dortmund;raphael;guerreiro;90;Dortmund;raphael;guerreiro;28;Dortmund;marco;reus;50;Dortmund;marco;reus;83;Dortmund;marco;reus;90;Dortmund;marco;reus;
14.09.2019;Mainz;0;Hertha BSC;0;40;Hertha BSC;marko;grujic;83;Hertha BSC;marko;grujic;88;Hertha BSC;marko;grujic;40;Mainz;robin;quaison;83;Mainz;robin;quaison;88;Mainz;robin;quaison;40;Mainz;jeremiah;st;83;Mainz;jeremiah;st;88;Mainz;jeremiah;st;
14.09.2019;Augsburg;0;Frankfurt;0;35;Augsburg;florian;niederlechner;43;Augsburg;florian;niederlechner;73;Augsburg;florian;niederlechner;35;Frankfurt;goncalo;paciencia;43;Frankfurt;goncalo;paciencia;73;Frankfurt;goncalo;paciencia;35;Augsburg;marco;richter;43;Augsburg;marco;richter;73;Augsburg;marco;richter;
14.09.2019;RB Leipzig;0;Bayern;0;3;RB Leipzig;emil;forsberg;45;RB Leipzig;emil;forsberg;3;Bayern;robert;lewandowski;45;Bayern;robert;lewandowski;
15.09.2019;Hoffenheim;0;Freiburg;0;11;Freiburg;christian;gunter;38;Freiburg;christian;gunter;59;Freiburg;christian;gunter;11;Freiburg;janik;haberer;38;Freiburg;janik;haberer;59;Freiburg;janik;haberer;11;Freiburg;nils;petersen;38;Freiburg;nils;petersen;59;Freiburg;nils;petersen;
15.09.2019;Paderborn;0;Schalke;0;8;Paderborn;;cauly;33;Paderborn;;cauly;49;Paderborn;;cauly;71;Paderborn;;cauly;83;Paderborn;;cauly;85;Paderborn;;cauly;8;Schalke;amine;harit;33;Schalke;amine;harit;49;Schalke;amine;harit;71;Schalke;amine;harit;83;Schalke;amine;harit;85;Schalke;amine;harit;8;Schalke;ahmed;kutucu;33;Schalke;ahmed;kutucu;49;Schalke;ahmed;kutucu;71;Schalke;ahmed;kutucu;83;Schalke;ahmed;kutucu;85;Schalke;ahmed;kutucu;8;Schalke;salif;sane;33;Schalke;salif;sane;49;Schalke;salif;sane;71;Schalke;salif;sane;83;Schalke;salif;sane;85;Schalke;salif;sane;8;Schalke;suat;serdar;33;Schalke;suat;serdar;49;Schalke;suat;serdar;71;Schalke;suat;serdar;83;Schalke;suat;serdar;85;Schalke;suat;serdar;
20.09.2019;Schalke;0;Mainz;0;36;Schalke;amine;harit;74;Schalke;amine;harit;89;Schalke;amine;harit;36;Mainz;karim;onisiwo;74;Mainz;karim;onisiwo;89;Mainz;karim;onisiwo;36;Schalke;suat;serdar;74;Schalke;suat;serdar;89;Schalke;suat;serdar;
21.09.2019;Hertha BSC;0;Paderborn;0;10;Hertha BSC;javairo;dilrosun;52;Hertha BSC;javairo;dilrosun;54;Hertha BSC;javairo;dilrosun;10;Hertha BSC;marius;wolf;52;Hertha BSC;marius;wolf;54;Hertha BSC;marius;wolf;10;Paderborn;ben;zolinski;52;Paderborn;ben;zolinski;54;Paderborn;ben;zolinski;
21.09.2019;Freiburg;0;Augsburg;0;23;Freiburg;lucas;holer;39;Freiburg;lucas;holer;23;Augsburg;florian;niederlechner;39;Augsburg;florian;niederlechner;
21.09.2019;Bayern;0;Köln;0;3;Bayern;philippe;coutinho;48;Bayern;philippe;coutinho;62;Bayern;philippe;coutinho;73;Bayern;philippe;coutinho;3;Bayern;robert;lewandowski;48;Bayern;robert;lewandowski;62;Bayern;robert;lewandowski;73;Bayern;robert;lewandowski;3;Bayern;ivan;perisic;48;Bayern;ivan;perisic;62;Bayern;ivan;perisic;73;Bayern;ivan;perisic;
21.09.2019;Leverkusen;0;Union Berlin;0;20;Leverkusen;lucas;alario;25;Leverkusen;lucas;alario;20;Leverkusen;kevin;volland;25;Leverkusen;kevin;volland;
21.09.2019;Bremen;0;RB Leipzig;0;13;RB Leipzig;willi;orban;35;RB Leipzig;willi;orban;83;RB Leipzig;willi;orban;13;RB Leipzig;marcel;sabitzer;35;RB Leipzig;marcel;sabitzer;83;RB Leipzig;marcel;sabitzer;13;RB Leipzig;marcelo;saracchi;35;RB Leipzig;marcelo;saracchi;83;RB Leipzig;marcelo;saracchi;
22.09.2019;Mönchengladbach;0;Düsseldorf;0;6;Düsseldorf;kasim;adams;74;Düsseldorf;kasim;adams;87;Düsseldorf;kasim;adams;6;Mönchengladbach;marcus;thuram;74;Mönchengladbach;marcus;thuram;87;Mönchengladbach;marcus;thuram;
22.09.2019;Frankfurt;0;Dortmund;0;11;Frankfurt;thomas;delaney;43;Frankfurt;thomas;delaney;66;Frankfurt;thomas;delaney;88;Frankfurt;thomas;delaney;11;Dortmund;jadon;sancho;43;Dortmund;jadon;sancho;66;Dortmund;jadon;sancho;88;Dortmund;jadon;sancho;11;Frankfurt;andre;silva;43;Frankfurt;andre;silva;66;Frankfurt;andre;silva;88;Frankfurt;andre;silva;11;Dortmund;axel;witsel;43;Dortmund;axel;witsel;66;Dortmund;axel;witsel;88;Dortmund;axel;witsel;
23.09.2019;Wolfsburg;0;Hoffenheim;0;6;Wolfsburg;admir;mehmedi;36;Wolfsburg;admir;mehmedi;6;Hoffenheim;sebastian;rudy;36;Hoffenheim;sebastian;rudy;
27.09.2019;Union Berlin;0;Frankfurt;0;48;Frankfurt;bas;dost;62;Frankfurt;bas;dost;86;Frankfurt;bas;dost;48;Frankfurt;andre;silva;62;Frankfurt;andre;silva;86;Frankfurt;andre;silva;48;Union Berlin;anthony;ujah;62;Union Berlin;anthony;ujah;86;Union Berlin;anthony;ujah;
28.09.2019;RB Leipzig;0;Schalke;0;29;RB Leipzig;emil;forsberg;43;RB Leipzig;emil;forsberg;58;RB Leipzig;emil;forsberg;83;RB Leipzig;emil;forsberg;29;Schalke;amine;harit;43;Schalke;amine;harit;58;Schalke;amine;harit;83;Schalke;amine;harit;29;Schalke;rabbi;matondo;43;Schalke;rabbi;matondo;58;Schalke;rabbi;matondo;83;Schalke;rabbi;matondo;29;Schalke;salif;sane;43;Schalke;salif;sane;58;Schalke;salif;sane;83;Schalke;salif;sane;
28.09.2019;Hoffenheim;0;Mönchengladbach;0;43;Mönchengladbach;florian;neuhaus;65;Mönchengladbach;florian;neuhaus;83;Mönchengladbach;florian;neuhaus;43;Mönchengladbach;alassane;plea;65;Mönchengladbach;alassane;plea;83;Mönchengladbach;alassane;plea;43;Mönchengladbach;marcus;thuram;65;Mönchengladbach;marcus;thuram;83;Mönchengladbach;marcus;thuram;
28.09.2019;Mainz;0;Wolfsburg;0;9;Wolfsburg;marcel;tisserand;
28.09.2019;Augsburg;0;Leverkusen;0;34;Leverkusen;kai;havertz;76;Leverkusen;kai;havertz;84;Leverkusen;kai;havertz;34;Leverkusen;florian;niederlechner;76;Leverkusen;florian;niederlechner;84;Leverkusen;florian;niederlechner;34;Leverkusen;kevin;volland;76;Leverkusen;kevin;volland;84;Leverkusen;kevin;volland;
28.09.2019;Paderborn;0;Bayern;0;15;Paderborn;jamilu;collins;55;Paderborn;jamilu;collins;68;Paderborn;jamilu;collins;79;Paderborn;jamilu;collins;84;Paderborn;jamilu;collins;15;Bayern;philippe;coutinho;55;Bayern;philippe;coutinho;68;Bayern;philippe;coutinho;79;Bayern;philippe;coutinho;84;Bayern;philippe;coutinho;15;Bayern;serge;gnabry;55;Bayern;serge;gnabry;68;Bayern;serge;gnabry;79;Bayern;serge;gnabry;84;Bayern;serge;gnabry;15;Bayern;robert;lewandowski;55;Bayern;robert;lewandowski;68;Bayern;robert;lewandowski;79;Bayern;robert;lewandowski;84;Bayern;robert;lewandowski;15;Paderborn;kai;proeger;55;Paderborn;kai;proeger;68;Paderborn;kai;proeger;79;Paderborn;kai;proeger;84;Paderborn;kai;proeger;
28.09.2019;Dortmund;0;Bremen;0;7;Bremen;marco;friedl;9;Bremen;marco;friedl;41;Bremen;marco;friedl;55;Bremen;marco;friedl;7;Dortmund;mario;goetze;9;Dortmund;mario;goetze;41;Dortmund;mario;goetze;55;Dortmund;mario;goetze;7;Bremen;milot;rashica;9;Bremen;milot;rashica;41;Bremen;milot;rashica;55;Bremen;milot;rashica;7;Dortmund;marco;reus;9;Dortmund;marco;reus;41;Dortmund;marco;reus;55;Dortmund;marco;reus;
29.09.2019;Düsseldorf;0;Freiburg;0;42;Düsseldorf;rouwen;hennings;45;Düsseldorf;rouwen;hennings;81;Düsseldorf;rouwen;hennings;42;Freiburg;jonathan;schmid;45;Freiburg;jonathan;schmid;81;Freiburg;jonathan;schmid;42;Freiburg;luca;waldschmidt;45;Freiburg;luca;waldschmidt;81;Freiburg;luca;waldschmidt;
29.09.2019;Köln;0;Hertha BSC;0;23;Hertha BSC;dedryck;boyata;58;Hertha BSC;dedryck;boyata;62;Hertha BSC;dedryck;boyata;83;Hertha BSC;dedryck;boyata;23;Hertha BSC;javairo;dilrosun;58;Hertha BSC;javairo;dilrosun;62;Hertha BSC;javairo;dilrosun;83;Hertha BSC;javairo;dilrosun;23;Hertha BSC;vedad;ibisevic;58;Hertha BSC;vedad;ibisevic;62;Hertha BSC;vedad;ibisevic;83;Hertha BSC;vedad;ibisevic;
04.10.2019;Hertha BSC;0;Düsseldorf;0;32;Hertha BSC;vladimir;darida;37;Hertha BSC;vladimir;darida;44;Hertha BSC;vladimir;darida;62;Hertha BSC;vladimir;darida;32;Hertha BSC;javairo;dilrosun;37;Hertha BSC;javairo;dilrosun;44;Hertha BSC;javairo;dilrosun;62;Hertha BSC;javairo;dilrosun;32;Düsseldorf;rouwen;hennings;37;Düsseldorf;rouwen;hennings;44;Düsseldorf;rouwen;hennings;62;Düsseldorf;rouwen;hennings;32;Hertha BSC;vedad;ibisevic;37;Hertha BSC;vedad;ibisevic;44;Hertha BSC;vedad;ibisevic;62;Hertha BSC;vedad;ibisevic;
05.10.2019;Freiburg;0;Dortmund;0;20;Freiburg;manuel;akanji;55;Freiburg;manuel;akanji;67;Freiburg;manuel;akanji;89;Freiburg;manuel;akanji;20;Dortmund;achraf;hakimi;55;Dortmund;achraf;hakimi;67;Dortmund;achraf;hakimi;89;Dortmund;achraf;hakimi;20;Freiburg;luca;waldschmidt;55;Freiburg;luca;waldschmidt;67;Freiburg;luca;waldschmidt;89;Freiburg;luca;waldschmidt;20;Dortmund;axel;witsel;55;Dortmund;axel;witsel;67;Dortmund;axel;witsel;89;Dortmund;axel;witsel;
05.10.2019;Paderborn;0;Mainz;0;8;Mainz;daniel;brosinski;14;Mainz;daniel;brosinski;32;Mainz;daniel;brosinski;8;Mainz;robin;quaison;14;Mainz;robin;quaison;32;Mainz;robin;quaison;8;Paderborn;ben;zolinski;14;Paderborn;ben;zolinski;32;Paderborn;ben;zolinski;
05.10.2019;Bayern;0;Hoffenheim;0;54;Hoffenheim;sargis;adamyan;73;Hoffenheim;sargis;adamyan;79;Hoffenheim;sargis;adamyan;54;Bayern;robert;lewandowski;73;Bayern;robert;lewandowski;79;Bayern;robert;lewandowski;
05.10.2019;Leverkusen;0;RB Leipzig;0;66;RB Leipzig;christopher;nkunku;78;RB Leipzig;christopher;nkunku;66;Leverkusen;kevin;volland;78;Leverkusen;kevin;volland;
05.10.2019;Schalke;0;Köln;0;71;Köln;jonas;hector;90;Köln;jonas;hector;71;Schalke;suat;serdar;90;Schalke;suat;serdar;
06.10.2019;Mönchengladbach;0;Augsburg;0;2;Mönchengladbach;breel;embolo;8;Mönchengladbach;breel;embolo;13;Mönchengladbach;breel;embolo;39;Mönchengladbach;breel;embolo;80;Mönchengladbach;breel;embolo;83;Mönchengladbach;breel;embolo;2;Mönchengladbach;patrick;herrmann;8;Mönchengladbach;patrick;herrmann;13;Mönchengladbach;patrick;herrmann;39;Mönchengladbach;patrick;herrmann;80;Mönchengladbach;patrick;herrmann;83;Mönchengladbach;patrick;herrmann;2;Augsburg;florian;niederlechner;8;Augsburg;florian;niederlechner;13;Augsburg;florian;niederlechner;39;Augsburg;florian;niederlechner;80;Augsburg;florian;niederlechner;83;Augsburg;florian;niederlechner;2;Mönchengladbach;alassane;plea;8;Mönchengladbach;alassane;plea;13;Mönchengladbach;alassane;plea;39;Mönchengladbach;alassane;plea;80;Mönchengladbach;alassane;plea;83;Mönchengladbach;alassane;plea;2;Mönchengladbach;denis;zakaria;8;Mönchengladbach;denis;zakaria;13;Mönchengladbach;denis;zakaria;39;Mönchengladbach;denis;zakaria;80;Mönchengladbach;denis;zakaria;83;Mönchengladbach;denis;zakaria;
06.10.2019;Wolfsburg;0;Union Berlin;0;69;Wolfsburg;wout;weghorst;
06.10.2019;Frankfurt;0;Bremen;0;27;Bremen;davy;klaassen;55;Bremen;davy;klaassen;88;Bremen;davy;klaassen;90;Bremen;davy;klaassen;27;Bremen;milot;rashica;55;Bremen;milot;rashica;88;Bremen;milot;rashica;90;Bremen;milot;rashica;27;Frankfurt;sebastian;rode;55;Frankfurt;sebastian;rode;88;Frankfurt;sebastian;rode;90;Frankfurt;sebastian;rode;27;Frankfurt;andre;silva;55;Frankfurt;andre;silva;88;Frankfurt;andre;silva;90;Frankfurt;andre;silva;
18.10.2019;Frankfurt;0;Leverkusen;0;4;Frankfurt;bas;dost;16;Frankfurt;bas;dost;80;Frankfurt;bas;dost;4;Frankfurt;goncalo;paciencia;16;Frankfurt;goncalo;paciencia;80;Frankfurt;goncalo;paciencia;
19.10.2019;RB Leipzig;0;Wolfsburg;0;54;Wolfsburg;wout;weghorst;82;Wolfsburg;wout;weghorst;54;RB Leipzig;timo;werner;82;RB Leipzig;timo;werner;
19.10.2019;Bremen;0;Hertha BSC;0;7;Hertha BSC;dodi;lukebakio;70;Hertha BSC;dodi;lukebakio;7;Bremen;josh;sargent;70;Bremen;josh;sargent;
19.10.2019;Düsseldorf;0;Mainz;0;82;Düsseldorf;rouwen;hennings;
19.10.2019;Augsburg;0;Bayern;0;1;Augsburg;alfred;finnbogason;14;Augsburg;alfred;finnbogason;49;Augsburg;alfred;finnbogason;90;Augsburg;alfred;finnbogason;1;Bayern;serge;gnabry;14;Bayern;serge;gnabry;49;Bayern;serge;gnabry;90;Bayern;serge;gnabry;1;Bayern;robert;lewandowski;14;Bayern;robert;lewandowski;49;Bayern;robert;lewandowski;90;Bayern;robert;lewandowski;1;Augsburg;marco;richter;14;Augsburg;marco;richter;49;Augsburg;marco;richter;90;Augsburg;marco;richter;
19.10.2019;Union Berlin;0;Freiburg;0;1;Union Berlin;marius;bulter;84;Union Berlin;marius;bulter;1;Union Berlin;marcus;ingvartsen;84;Union Berlin;marcus;ingvartsen;
19.10.2019;Dortmund;0;Mönchengladbach;0;58;Dortmund;marco;reus;
20.10.2019;Köln;0;Paderborn;0;8;Köln;sebastiaan;bornauw;59;Köln;sebastiaan;bornauw;85;Köln;sebastiaan;bornauw;8;Köln;louis;schaub;59;Köln;louis;schaub;85;Köln;louis;schaub;8;Köln;simon;terodde;59;Köln;simon;terodde;85;Köln;simon;terodde;
20.10.2019;Hoffenheim;0;Schalke;0;71;Hoffenheim;ihlas;bebou;85;Hoffenheim;ihlas;bebou;71;Hoffenheim;andrej;kramaric;85;Hoffenheim;andrej;kramaric;
25.10.2019;Mainz;0;Köln;0;14;Mainz;levin;oeztunali;21;Mainz;levin;oeztunali;57;Mainz;levin;oeztunali;82;Mainz;levin;oeztunali;14;Mainz;jean;paul;21;Mainz;jean;paul;57;Mainz;jean;paul;82;Mainz;jean;paul;14;Mainz;robin;quaison;21;Mainz;robin;quaison;57;Mainz;robin;quaison;82;Mainz;robin;quaison;14;Köln;simon;terodde;21;Köln;simon;terodde;57;Köln;simon;terodde;82;Köln;simon;terodde;
26.10.2019;Bayern;0;Union Berlin;0;13;Bayern;robert;lewandowski;53;Bayern;robert;lewandowski;86;Bayern;robert;lewandowski;13;Bayern;benjamin;pavard;53;Bayern;benjamin;pavard;86;Bayern;benjamin;pavard;13;Union Berlin;sebastian;polter;53;Union Berlin;sebastian;polter;86;Union Berlin;sebastian;polter;
26.10.2019;Hertha BSC;0;Hoffenheim;0;33;Hoffenheim;benjamin;huebner;38;Hoffenheim;benjamin;huebner;55;Hoffenheim;benjamin;huebner;69;Hoffenheim;benjamin;huebner;79;Hoffenheim;benjamin;huebner;33;Hertha BSC;salomon;kalou;38;Hertha BSC;salomon;kalou;55;Hertha BSC;salomon;kalou;69;Hertha BSC;salomon;kalou;79;Hertha BSC;salomon;kalou;33;Hoffenheim;andrej;kramaric;38;Hoffenheim;andrej;kramaric;55;Hoffenheim;andrej;kramaric;69;Hoffenheim;andrej;kramaric;79;Hoffenheim;andrej;kramaric;33;Hoffenheim;juergen;locadia;38;Hoffenheim;juergen;locadia;55;Hoffenheim;juergen;locadia;69;Hoffenheim;juergen;locadia;79;Hoffenheim;juergen;locadia;33;Hertha BSC;dodi;lukebakio;38;Hertha BSC;dodi;lukebakio;55;Hertha BSC;dodi;lukebakio;69;Hertha BSC;dodi;lukebakio;79;Hertha BSC;dodi;lukebakio;
26.10.2019;Freiburg;0;RB Leipzig;0;45;Freiburg;nicolas;hofler;90;Freiburg;nicolas;hofler;90;Freiburg;nicolas;hofler;45;RB Leipzig;lukas;klostermann;90;RB Leipzig;lukas;klostermann;90;RB Leipzig;lukas;klostermann;45;Freiburg;nils;petersen;90;Freiburg;nils;petersen;90;Freiburg;nils;petersen;
26.10.2019;Schalke;0;Dortmund;0;
26.10.2019;Paderborn;0;Düsseldorf;0;43;Paderborn;abdelhamid;sabiri;64;Paderborn;abdelhamid;sabiri;43;Paderborn;sebastian;schonlau;64;Paderborn;sebastian;schonlau;
26.10.2019;Leverkusen;0;Bremen;0;4;Leverkusen;lucas;alario;40;Leverkusen;lucas;alario;48;Leverkusen;lucas;alario;58;Leverkusen;lucas;alario;4;Bremen;davy;klaassen;40;Bremen;davy;klaassen;48;Bremen;davy;klaassen;58;Bremen;davy;klaassen;4;Bremen;milot;rashica;40;Bremen;milot;rashica;48;Bremen;milot;rashica;58;Bremen;milot;rashica;4;Leverkusen;oemer;toprak;40;Leverkusen;oemer;toprak;48;Leverkusen;oemer;toprak;58;Leverkusen;oemer;toprak;
27.10.2019;Wolfsburg;0;Augsburg;0;
27.10.2019;Mönchengladbach;0;Frankfurt;0;28;Frankfurt;danny;da;45;Frankfurt;danny;da;59;Frankfurt;danny;da;75;Frankfurt;danny;da;79;Frankfurt;danny;da;85;Frankfurt;danny;da;28;Mönchengladbach;nico;elvedi;45;Mönchengladbach;nico;elvedi;59;Mönchengladbach;nico;elvedi;75;Mönchengladbach;nico;elvedi;79;Mönchengladbach;nico;elvedi;85;Mönchengladbach;nico;elvedi;28;Frankfurt;martin;hinteregger;45;Frankfurt;martin;hinteregger;59;Frankfurt;martin;hinteregger;75;Frankfurt;martin;hinteregger;79;Frankfurt;martin;hinteregger;85;Frankfurt;martin;hinteregger;28;Mönchengladbach;marcus;thuram;45;Mönchengladbach;marcus;thuram;59;Mönchengladbach;marcus;thuram;75;Mönchengladbach;marcus;thuram;79;Mönchengladbach;marcus;thuram;85;Mönchengladbach;marcus;thuram;28;Mönchengladbach;oscar;wendt;45;Mönchengladbach;oscar;wendt;59;Mönchengladbach;oscar;wendt;75;Mönchengladbach;oscar;wendt;79;Mönchengladbach;oscar;wendt;85;Mönchengladbach;oscar;wendt;28;Mönchengladbach;denis;zakaria;45;Mönchengladbach;denis;zakaria;59;Mönchengladbach;denis;zakaria;75;Mönchengladbach;denis;zakaria;79;Mönchengladbach;denis;zakaria;85;Mönchengladbach;denis;zakaria;
01.11.2019;Hoffenheim;0;Paderborn;0;2;Hoffenheim;pavel;kade?abek;15;Hoffenheim;pavel;kade?abek;25;Hoffenheim;pavel;kade?abek;2;Hoffenheim;juergen;locadia;15;Hoffenheim;juergen;locadia;25;Hoffenheim;juergen;locadia;2;Hoffenheim;robert;skov;15;Hoffenheim;robert;skov;25;Hoffenheim;robert;skov;
02.11.2019;Leverkusen;0;Mönchengladbach;0;18;Mönchengladbach;marcus;thuram;25;Mönchengladbach;marcus;thuram;42;Mönchengladbach;marcus;thuram;18;Leverkusen;kevin;volland;25;Leverkusen;kevin;volland;42;Leverkusen;kevin;volland;18;Mönchengladbach;oscar;wendt;25;Mönchengladbach;oscar;wendt;42;Mönchengladbach;oscar;wendt;
02.11.2019;Frankfurt;0;Bayern;0;25;Frankfurt;david;abraham;33;Frankfurt;david;abraham;37;Frankfurt;david;abraham;49;Frankfurt;david;abraham;61;Frankfurt;david;abraham;85;Frankfurt;david;abraham;25;Frankfurt;martin;hinteregger;33;Frankfurt;martin;hinteregger;37;Frankfurt;martin;hinteregger;49;Frankfurt;martin;hinteregger;61;Frankfurt;martin;hinteregger;85;Frankfurt;martin;hinteregger;25;Frankfurt;filip;kostic;33;Frankfurt;filip;kostic;37;Frankfurt;filip;kostic;49;Frankfurt;filip;kostic;61;Frankfurt;filip;kostic;85;Frankfurt;filip;kostic;25;Bayern;robert;lewandowski;33;Bayern;robert;lewandowski;37;Bayern;robert;lewandowski;49;Bayern;robert;lewandowski;61;Bayern;robert;lewandowski;85;Bayern;robert;lewandowski;25;Frankfurt;goncalo;paciencia;33;Frankfurt;goncalo;paciencia;37;Frankfurt;goncalo;paciencia;49;Frankfurt;goncalo;paciencia;61;Frankfurt;goncalo;paciencia;85;Frankfurt;goncalo;paciencia;25;Frankfurt;djibril;sow;33;Frankfurt;djibril;sow;37;Frankfurt;djibril;sow;49;Frankfurt;djibril;sow;61;Frankfurt;djibril;sow;85;Frankfurt;djibril;sow;
02.11.2019;Bremen;0;Freiburg;0;9;Bremen;theodor;gebre;28;Bremen;theodor;gebre;59;Bremen;theodor;gebre;90;Bremen;theodor;gebre;9;Freiburg;nils;petersen;28;Freiburg;nils;petersen;59;Freiburg;nils;petersen;90;Freiburg;nils;petersen;9;Bremen;milot;rashica;28;Bremen;milot;rashica;59;Bremen;milot;rashica;90;Bremen;milot;rashica;
02.11.2019;Dortmund;0;Wolfsburg;0;52;Dortmund;mario;goetze;58;Dortmund;mario;goetze;88;Dortmund;mario;goetze;52;Dortmund;raphael;guerreiro;58;Dortmund;raphael;guerreiro;88;Dortmund;raphael;guerreiro;52;Dortmund;thorgan;hazard;58;Dortmund;thorgan;hazard;88;Dortmund;thorgan;hazard;
02.11.2019;RB Leipzig;0;Mainz;0;5;RB Leipzig;marcel;halstenberg;30;RB Leipzig;marcel;halstenberg;35;RB Leipzig;marcel;halstenberg;38;RB Leipzig;marcel;halstenberg;44;RB Leipzig;marcel;halstenberg;48;RB Leipzig;marcel;halstenberg;50;RB Leipzig;marcel;halstenberg;87;RB Leipzig;marcel;halstenberg;5;RB Leipzig;nordi;mukiele;30;RB Leipzig;nordi;mukiele;35;RB Leipzig;nordi;mukiele;38;RB Leipzig;nordi;mukiele;44;RB Leipzig;nordi;mukiele;48;RB Leipzig;nordi;mukiele;50;RB Leipzig;nordi;mukiele;87;RB Leipzig;nordi;mukiele;5;RB Leipzig;christopher;nkunku;30;RB Leipzig;christopher;nkunku;35;RB Leipzig;christopher;nkunku;38;RB Leipzig;christopher;nkunku;44;RB Leipzig;christopher;nkunku;48;RB Leipzig;christopher;nkunku;50;RB Leipzig;christopher;nkunku;87;RB Leipzig;christopher;nkunku;5;RB Leipzig;yussuf;poulsen;30;RB Leipzig;yussuf;poulsen;35;RB Leipzig;yussuf;poulsen;38;RB Leipzig;yussuf;poulsen;44;RB Leipzig;yussuf;poulsen;48;RB Leipzig;yussuf;poulsen;50;RB Leipzig;yussuf;poulsen;87;RB Leipzig;yussuf;poulsen;5;RB Leipzig;marcel;sabitzer;30;RB Leipzig;marcel;sabitzer;35;RB Leipzig;marcel;sabitzer;38;RB Leipzig;marcel;sabitzer;44;RB Leipzig;marcel;sabitzer;48;RB Leipzig;marcel;sabitzer;50;RB Leipzig;marcel;sabitzer;87;RB Leipzig;marcel;sabitzer;5;RB Leipzig;timo;werner;30;RB Leipzig;timo;werner;35;RB Leipzig;timo;werner;38;RB Leipzig;timo;werner;44;RB Leipzig;timo;werner;48;RB Leipzig;timo;werner;50;RB Leipzig;timo;werner;87;RB Leipzig;timo;werner;
02.11.2019;Union Berlin;0;Hertha BSC;0;87;Union Berlin;sebastian;polter;
03.11.2019;Düsseldorf;0;Köln;0;38;Düsseldorf;rouwen;hennings;61;Düsseldorf;rouwen;hennings;38;Düsseldorf;erik;thommy;61;Düsseldorf;erik;thommy;
03.11.2019;Augsburg;0;Schalke;0;38;Augsburg;daniel;baier;45;Augsburg;daniel;baier;60;Augsburg;daniel;baier;71;Augsburg;daniel;baier;82;Augsburg;daniel;baier;38;Augsburg;alfred;finnbogason;45;Augsburg;alfred;finnbogason;60;Augsburg;alfred;finnbogason;71;Augsburg;alfred;finnbogason;82;Augsburg;alfred;finnbogason;38;Schalke;amine;harit;45;Schalke;amine;harit;60;Schalke;amine;harit;71;Schalke;amine;harit;82;Schalke;amine;harit;38;Schalke;ozan;kabak;45;Schalke;ozan;kabak;60;Schalke;ozan;kabak;71;Schalke;ozan;kabak;82;Schalke;ozan;kabak;38;Schalke;stephan;lichtsteiner;45;Schalke;stephan;lichtsteiner;60;Schalke;stephan;lichtsteiner;71;Schalke;stephan;lichtsteiner;82;Schalke;stephan;lichtsteiner;
08.11.2019;Köln;0;Hoffenheim;0;34;Hoffenheim;sargis;adamyan;48;Hoffenheim;sargis;adamyan;90;Hoffenheim;sargis;adamyan;34;Köln;jhon;cordoba;48;Köln;jhon;cordoba;90;Köln;jhon;cordoba;34;Hoffenheim;juergen;locadia;48;Hoffenheim;juergen;locadia;90;Hoffenheim;juergen;locadia;
09.11.2019;Hertha BSC;0;RB Leipzig;0;32;RB Leipzig;kevin;kampl;38;RB Leipzig;kevin;kampl;45;RB Leipzig;kevin;kampl;86;RB Leipzig;kevin;kampl;90;RB Leipzig;kevin;kampl;90;RB Leipzig;kevin;kampl;32;Hertha BSC;maximilian;mittelstaedt;38;Hertha BSC;maximilian;mittelstaedt;45;Hertha BSC;maximilian;mittelstaedt;86;Hertha BSC;maximilian;mittelstaedt;90;Hertha BSC;maximilian;mittelstaedt;90;Hertha BSC;maximilian;mittelstaedt;32;RB Leipzig;marcel;sabitzer;38;RB Leipzig;marcel;sabitzer;45;RB Leipzig;marcel;sabitzer;86;RB Leipzig;marcel;sabitzer;90;RB Leipzig;marcel;sabitzer;90;RB Leipzig;marcel;sabitzer;32;Hertha BSC;davie;selke;38;Hertha BSC;davie;selke;45;Hertha BSC;davie;selke;86;Hertha BSC;davie;selke;90;Hertha BSC;davie;selke;90;Hertha BSC;davie;selke;32;RB Leipzig;timo;werner;38;RB Leipzig;timo;werner;45;RB Leipzig;timo;werner;86;RB Leipzig;timo;werner;90;RB Leipzig;timo;werner;90;RB Leipzig;timo;werner;
09.11.2019;Mainz;0;Union Berlin;0;30;Union Berlin;sebastian;andersson;45;Union Berlin;sebastian;andersson;51;Union Berlin;sebastian;andersson;81;Union Berlin;sebastian;andersson;90;Union Berlin;sebastian;andersson;30;Union Berlin;daniel;brosinski;45;Union Berlin;daniel;brosinski;51;Union Berlin;daniel;brosinski;81;Union Berlin;daniel;brosinski;90;Union Berlin;daniel;brosinski;30;Mainz;karim;onisiwo;45;Mainz;karim;onisiwo;51;Mainz;karim;onisiwo;81;Mainz;karim;onisiwo;90;Mainz;karim;onisiwo;
09.11.2019;Schalke;0;Düsseldorf;0;33;Schalke;daniel;caligiuri;62;Schalke;daniel;caligiuri;67;Schalke;daniel;caligiuri;74;Schalke;daniel;caligiuri;79;Schalke;daniel;caligiuri;85;Schalke;daniel;caligiuri;33;Düsseldorf;rouwen;hennings;62;Düsseldorf;rouwen;hennings;67;Düsseldorf;rouwen;hennings;74;Düsseldorf;rouwen;hennings;79;Düsseldorf;rouwen;hennings;85;Düsseldorf;rouwen;hennings;33;Schalke;ozan;kabak;62;Schalke;ozan;kabak;67;Schalke;ozan;kabak;74;Schalke;ozan;kabak;79;Schalke;ozan;kabak;85;Schalke;ozan;kabak;33;Schalke;suat;serdar;62;Schalke;suat;serdar;67;Schalke;suat;serdar;74;Schalke;suat;serdar;79;Schalke;suat;serdar;85;Schalke;suat;serdar;
09.11.2019;Paderborn;0;Augsburg;0;41;Augsburg;philipp;max;
09.11.2019;Bayern;0;Dortmund;0;17;Bayern;serge;gnabry;47;Bayern;serge;gnabry;76;Bayern;serge;gnabry;80;Bayern;serge;gnabry;17;Bayern;mats;hummels;47;Bayern;mats;hummels;76;Bayern;mats;hummels;80;Bayern;mats;hummels;17;Bayern;robert;lewandowski;47;Bayern;robert;lewandowski;76;Bayern;robert;lewandowski;80;Bayern;robert;lewandowski;
10.11.2019;Mönchengladbach;0;Bremen;0;20;Mönchengladbach;ramy;bensebaini;22;Mönchengladbach;ramy;bensebaini;59;Mönchengladbach;ramy;bensebaini;90;Mönchengladbach;ramy;bensebaini;20;Bremen;leonardo;bittencourt;22;Bremen;leonardo;bittencourt;59;Bremen;leonardo;bittencourt;90;Bremen;leonardo;bittencourt;20;Mönchengladbach;patrick;herrmann;22;Mönchengladbach;patrick;herrmann;59;Mönchengladbach;patrick;herrmann;90;Mönchengladbach;patrick;herrmann;
10.11.2019;Wolfsburg;0;Leverkusen;0;25;Leverkusen;paulinho;384339;90;Leverkusen;paulinho;384339;25;Leverkusen;karim;bellarabi;90;Leverkusen;karim;bellarabi;
10.11.2019;Freiburg;0;Frankfurt;0;77;Freiburg;nils;petersen;
22.11.2019;Dortmund;0;Paderborn;0;5;Paderborn;gerrit;holtmann;37;Paderborn;gerrit;holtmann;43;Paderborn;gerrit;holtmann;47;Paderborn;gerrit;holtmann;84;Paderborn;gerrit;holtmann;90;Paderborn;gerrit;holtmann;5;Paderborn;streli;mamba;37;Paderborn;streli;mamba;43;Paderborn;streli;mamba;47;Paderborn;streli;mamba;84;Paderborn;streli;mamba;90;Paderborn;streli;mamba;5;Dortmund;marco;reus;37;Dortmund;marco;reus;43;Dortmund;marco;reus;47;Dortmund;marco;reus;84;Dortmund;marco;reus;90;Dortmund;marco;reus;5;Dortmund;jadon;sancho;37;Dortmund;jadon;sancho;43;Dortmund;jadon;sancho;47;Dortmund;jadon;sancho;84;Dortmund;jadon;sancho;90;Dortmund;jadon;sancho;5;Dortmund;axel;witsel;37;Dortmund;axel;witsel;43;Dortmund;axel;witsel;47;Dortmund;axel;witsel;84;Dortmund;axel;witsel;90;Dortmund;axel;witsel;
23.11.2019;Bremen;0;Schalke;0;43;Schalke;amine;harit;53;Schalke;amine;harit;79;Schalke;amine;harit;43;Bremen;yuya;osako;53;Bremen;yuya;osako;79;Bremen;yuya;osako;43;Schalke;benito;raman;53;Schalke;benito;raman;79;Schalke;benito;raman;
23.11.2019;Düsseldorf;0;Bayern;0;11;Bayern;philippe;coutinho;27;Bayern;philippe;coutinho;34;Bayern;philippe;coutinho;70;Bayern;philippe;coutinho;11;Bayern;serge;gnabry;27;Bayern;serge;gnabry;34;Bayern;serge;gnabry;70;Bayern;serge;gnabry;11;Bayern;benjamin;pavard;27;Bayern;benjamin;pavard;34;Bayern;benjamin;pavard;70;Bayern;benjamin;pavard;11;Bayern;corentin;tolisso;27;Bayern;corentin;tolisso;34;Bayern;corentin;tolisso;70;Bayern;corentin;tolisso;
23.11.2019;Union Berlin;0;Mönchengladbach;0;15;Union Berlin;sebastian;andersson;90;Union Berlin;sebastian;andersson;15;Union Berlin;anthony;ujah;90;Union Berlin;anthony;ujah;
23.11.2019;Leverkusen;0;Freiburg;0;5;Leverkusen;moussa;diaby;36;Leverkusen;moussa;diaby;5;Freiburg;lucas;holer;36;Freiburg;lucas;holer;
23.11.2019;Frankfurt;0;Wolfsburg;0;19;Wolfsburg;victor;joao;65;Wolfsburg;victor;joao;19;Wolfsburg;wout;weghorst;65;Wolfsburg;wout;weghorst;
23.11.2019;RB Leipzig;0;Köln;0;22;Köln;rafael;czichos;32;Köln;rafael;czichos;37;Köln;rafael;czichos;39;Köln;rafael;czichos;79;Köln;rafael;czichos;22;RB Leipzig;emil;forsberg;32;RB Leipzig;emil;forsberg;37;RB Leipzig;emil;forsberg;39;RB Leipzig;emil;forsberg;79;RB Leipzig;emil;forsberg;22;RB Leipzig;konrad;laimer;32;RB Leipzig;konrad;laimer;37;RB Leipzig;konrad;laimer;39;RB Leipzig;konrad;laimer;79;RB Leipzig;konrad;laimer;22;RB Leipzig;timo;werner;32;RB Leipzig;timo;werner;37;RB Leipzig;timo;werner;39;RB Leipzig;timo;werner;79;RB Leipzig;timo;werner;
24.11.2019;Augsburg;0;Hertha BSC;0;17;Augsburg;sergio;cordova;26;Augsburg;sergio;cordova;52;Augsburg;sergio;cordova;79;Augsburg;sergio;cordova;17;Augsburg;andre;hahn;26;Augsburg;andre;hahn;52;Augsburg;andre;hahn;79;Augsburg;andre;hahn;17;Augsburg;philipp;max;26;Augsburg;philipp;max;52;Augsburg;philipp;max;79;Augsburg;philipp;max;17;Augsburg;florian;niederlechner;26;Augsburg;florian;niederlechner;52;Augsburg;florian;niederlechner;79;Augsburg;florian;niederlechner;
24.11.2019;Hoffenheim;0;Mainz;0;33;Mainz;pavel;kade?abek;52;Mainz;pavel;kade?abek;62;Mainz;pavel;kade?abek;83;Mainz;pavel;kade?abek;90;Mainz;pavel;kade?abek;90;Mainz;pavel;kade?abek;33;Hoffenheim;andrej;kramaric;52;Hoffenheim;andrej;kramaric;62;Hoffenheim;andrej;kramaric;83;Hoffenheim;andrej;kramaric;90;Hoffenheim;andrej;kramaric;90;Hoffenheim;andrej;kramaric;33;Mainz;pierre;kunde;52;Mainz;pierre;kunde;62;Mainz;pierre;kunde;83;Mainz;pierre;kunde;90;Mainz;pierre;kunde;90;Mainz;pierre;kunde;33;Mainz;levin;oeztunali;52;Mainz;levin;oeztunali;62;Mainz;levin;oeztunali;83;Mainz;levin;oeztunali;90;Mainz;levin;oeztunali;90;Mainz;levin;oeztunali;33;Mainz;jean;paul;52;Mainz;jean;paul;62;Mainz;jean;paul;83;Mainz;jean;paul;90;Mainz;jean;paul;90;Mainz;jean;paul;
29.11.2019;Schalke;0;Union Berlin;0;23;Union Berlin;marcus;ingvartsen;36;Union Berlin;marcus;ingvartsen;86;Union Berlin;marcus;ingvartsen;23;Schalke;benito;raman;36;Schalke;benito;raman;86;Schalke;benito;raman;23;Schalke;suat;serdar;36;Schalke;suat;serdar;86;Schalke;suat;serdar;
30.11.2019;Köln;0;Augsburg;0;43;Köln;jhon;cordoba;86;Köln;jhon;cordoba;43;Augsburg;florian;niederlechner;86;Augsburg;florian;niederlechner;
30.11.2019;Paderborn;0;RB Leipzig;0;3;Paderborn;klaus;gjasula;4;Paderborn;klaus;gjasula;26;Paderborn;klaus;gjasula;62;Paderborn;klaus;gjasula;73;Paderborn;klaus;gjasula;3;Paderborn;streli;mamba;4;Paderborn;streli;mamba;26;Paderborn;streli;mamba;62;Paderborn;streli;mamba;73;Paderborn;streli;mamba;3;RB Leipzig;marcel;sabitzer;4;RB Leipzig;marcel;sabitzer;26;RB Leipzig;marcel;sabitzer;62;RB Leipzig;marcel;sabitzer;73;RB Leipzig;marcel;sabitzer;3;RB Leipzig;patrik;schick;4;RB Leipzig;patrik;schick;26;RB Leipzig;patrik;schick;62;RB Leipzig;patrik;schick;73;RB Leipzig;patrik;schick;3;RB Leipzig;timo;werner;4;RB Leipzig;timo;werner;26;RB Leipzig;timo;werner;62;RB Leipzig;timo;werner;73;RB Leipzig;timo;werner;
30.11.2019;Hoffenheim;0;Düsseldorf;0;6;Düsseldorf;rouwen;hennings;87;Düsseldorf;rouwen;hennings;6;Hoffenheim;andrej;kramaric;87;Hoffenheim;andrej;kramaric;
30.11.2019;Hertha BSC;0;Dortmund;0;15;Hertha BSC;vladimir;darida;17;Hertha BSC;vladimir;darida;34;Hertha BSC;vladimir;darida;15;Dortmund;thorgan;hazard;17;Dortmund;thorgan;hazard;34;Dortmund;thorgan;hazard;15;Dortmund;jadon;sancho;17;Dortmund;jadon;sancho;34;Dortmund;jadon;sancho;
30.11.2019;Bayern;0;Leverkusen;0;10;Leverkusen;leon;bailey;34;Leverkusen;leon;bailey;35;Leverkusen;leon;bailey;10;Bayern;thomas;mueller;34;Bayern;thomas;mueller;35;Bayern;thomas;mueller;
01.12.2019;Mönchengladbach;0;Freiburg;0;3;Mönchengladbach;breel;embolo;6;Mönchengladbach;breel;embolo;46;Mönchengladbach;breel;embolo;51;Mönchengladbach;breel;embolo;58;Mönchengladbach;breel;embolo;71;Mönchengladbach;breel;embolo;3;Mönchengladbach;patrick;herrmann;6;Mönchengladbach;patrick;herrmann;46;Mönchengladbach;patrick;herrmann;51;Mönchengladbach;patrick;herrmann;58;Mönchengladbach;patrick;herrmann;71;Mönchengladbach;patrick;herrmann;3;Freiburg;lucas;holer;6;Freiburg;lucas;holer;46;Freiburg;lucas;holer;51;Freiburg;lucas;holer;58;Freiburg;lucas;holer;71;Freiburg;lucas;holer;3;Freiburg;jonathan;schmid;6;Freiburg;jonathan;schmid;46;Freiburg;jonathan;schmid;51;Freiburg;jonathan;schmid;58;Freiburg;jonathan;schmid;71;Freiburg;jonathan;schmid;3;Mönchengladbach;marcus;thuram;6;Mönchengladbach;marcus;thuram;46;Mönchengladbach;marcus;thuram;51;Mönchengladbach;marcus;thuram;58;Mönchengladbach;marcus;thuram;71;Mönchengladbach;marcus;thuram;
01.12.2019;Wolfsburg;0;Bremen;0;13;Wolfsburg;william;348190;36;Wolfsburg;william;348190;39;Wolfsburg;william;348190;73;Wolfsburg;william;348190;83;Wolfsburg;william;348190;13;Bremen;leonardo;bittencourt;36;Bremen;leonardo;bittencourt;39;Bremen;leonardo;bittencourt;73;Bremen;leonardo;bittencourt;83;Bremen;leonardo;bittencourt;13;Bremen;milot;rashica;36;Bremen;milot;rashica;39;Bremen;milot;rashica;73;Bremen;milot;rashica;83;Bremen;milot;rashica;13;Wolfsburg;wout;weghorst;36;Wolfsburg;wout;weghorst;39;Wolfsburg;wout;weghorst;73;Wolfsburg;wout;weghorst;83;Wolfsburg;wout;weghorst;
02.12.2019;Mainz;0;Frankfurt;0;33;Frankfurt;martin;hinteregger;50;Frankfurt;martin;hinteregger;69;Frankfurt;martin;hinteregger;33;Mainz;karim;onisiwo;50;Mainz;karim;onisiwo;69;Mainz;karim;onisiwo;33;Mainz;adam;szalai;50;Mainz;adam;szalai;69;Mainz;adam;szalai;
06.12.2019;Frankfurt;0;Hertha BSC;0;30;Hertha BSC;marko;grujic;63;Hertha BSC;marko;grujic;65;Hertha BSC;marko;grujic;86;Hertha BSC;marko;grujic;30;Frankfurt;martin;hinteregger;63;Frankfurt;martin;hinteregger;65;Frankfurt;martin;hinteregger;86;Frankfurt;martin;hinteregger;30;Hertha BSC;dodi;lukebakio;63;Hertha BSC;dodi;lukebakio;65;Hertha BSC;dodi;lukebakio;86;Hertha BSC;dodi;lukebakio;30;Frankfurt;sebastian;rode;63;Frankfurt;sebastian;rode;65;Frankfurt;sebastian;rode;86;Frankfurt;sebastian;rode;
07.12.2019;Freiburg;0;Wolfsburg;0;85;Freiburg;jonathan;schmid;
07.12.2019;Augsburg;0;Mainz;0;15;Augsburg;florian;niederlechner;41;Augsburg;florian;niederlechner;65;Augsburg;florian;niederlechner;15;Mainz;levin;oeztunali;41;Mainz;levin;oeztunali;65;Mainz;levin;oeztunali;15;Augsburg;marco;richter;41;Augsburg;marco;richter;65;Augsburg;marco;richter;
07.12.2019;Dortmund;0;Düsseldorf;0;42;Dortmund;thorgan;hazard;58;Dortmund;thorgan;hazard;63;Dortmund;thorgan;hazard;69;Dortmund;thorgan;hazard;74;Dortmund;thorgan;hazard;42;Dortmund;marco;reus;58;Dortmund;marco;reus;63;Dortmund;marco;reus;69;Dortmund;marco;reus;74;Dortmund;marco;reus;42;Dortmund;jadon;sancho;58;Dortmund;jadon;sancho;63;Dortmund;jadon;sancho;69;Dortmund;jadon;sancho;74;Dortmund;jadon;sancho;
07.12.2019;RB Leipzig;0;Hoffenheim;0;11;Hoffenheim;ermin;bicakcic;52;Hoffenheim;ermin;bicakcic;83;Hoffenheim;ermin;bicakcic;89;Hoffenheim;ermin;bicakcic;11;RB Leipzig;marcel;sabitzer;52;RB Leipzig;marcel;sabitzer;83;RB Leipzig;marcel;sabitzer;89;RB Leipzig;marcel;sabitzer;11;RB Leipzig;timo;werner;52;RB Leipzig;timo;werner;83;RB Leipzig;timo;werner;89;RB Leipzig;timo;werner;
07.12.2019;Mönchengladbach;0;Bayern;0;49;Mönchengladbach;ramy;bensebaini;60;Mönchengladbach;ramy;bensebaini;90;Mönchengladbach;ramy;bensebaini;49;Bayern;ivan;perisic;60;Bayern;ivan;perisic;90;Bayern;ivan;perisic;
07.12.2019;Leverkusen;0;Schalke;0;15;Leverkusen;lucas;alario;81;Leverkusen;lucas;alario;82;Leverkusen;lucas;alario;15;Schalke;benito;raman;81;Schalke;benito;raman;82;Schalke;benito;raman;
08.12.2019;Union Berlin;0;Köln;0;33;Union Berlin;sebastian;andersson;50;Union Berlin;sebastian;andersson;
08.12.2019;Bremen;0;Paderborn;0;90;Paderborn;sven;michel;
13.12.2019;Hoffenheim;0;Augsburg;0;11;Augsburg;iago;379768;14;Augsburg;iago;379768;51;Augsburg;iago;379768;56;Augsburg;iago;379768;80;Augsburg;iago;379768;85;Augsburg;iago;379768;11;Augsburg;fredrik;jensen;14;Augsburg;fredrik;jensen;51;Augsburg;fredrik;jensen;56;Augsburg;fredrik;jensen;80;Augsburg;fredrik;jensen;85;Augsburg;fredrik;jensen;11;Hoffenheim;juergen;locadia;14;Hoffenheim;juergen;locadia;51;Hoffenheim;juergen;locadia;56;Hoffenheim;juergen;locadia;80;Hoffenheim;juergen;locadia;85;Hoffenheim;juergen;locadia;11;Augsburg;philipp;max;14;Augsburg;philipp;max;51;Augsburg;philipp;max;56;Augsburg;philipp;max;80;Augsburg;philipp;max;85;Augsburg;philipp;max;11;Hoffenheim;robert;skov;14;Hoffenheim;robert;skov;51;Hoffenheim;robert;skov;56;Hoffenheim;robert;skov;80;Hoffenheim;robert;skov;85;Hoffenheim;robert;skov;
14.12.2019;Hertha BSC;0;Freiburg;0;53;Hertha BSC;vladimir;darida;
14.12.2019;Mainz;0;Dortmund;0;32;Dortmund;thorgan;hazard;66;Dortmund;thorgan;hazard;69;Dortmund;thorgan;hazard;84;Dortmund;thorgan;hazard;32;Dortmund;marco;reus;66;Dortmund;marco;reus;69;Dortmund;marco;reus;84;Dortmund;marco;reus;32;Dortmund;jadon;sancho;66;Dortmund;jadon;sancho;69;Dortmund;jadon;sancho;84;Dortmund;jadon;sancho;32;Dortmund;nico;schulz;66;Dortmund;nico;schulz;69;Dortmund;nico;schulz;84;Dortmund;nico;schulz;
14.12.2019;Köln;0;Leverkusen;0;73;Köln;sebastiaan;bornauw;84;Köln;sebastiaan;bornauw;73;Köln;jhon;cordoba;84;Köln;jhon;cordoba;
14.12.2019;Paderborn;0;Union Berlin;0;7;Union Berlin;marcus;ingvartsen;33;Union Berlin;marcus;ingvartsen;7;Paderborn;kai;proeger;33;Paderborn;kai;proeger;
14.12.2019;Bayern;0;Bremen;0;24;Bayern;philippe;coutinho;45;Bayern;philippe;coutinho;45;Bayern;philippe;coutinho;63;Bayern;philippe;coutinho;72;Bayern;philippe;coutinho;75;Bayern;philippe;coutinho;78;Bayern;philippe;coutinho;24;Bayern;robert;lewandowski;45;Bayern;robert;lewandowski;45;Bayern;robert;lewandowski;63;Bayern;robert;lewandowski;72;Bayern;robert;lewandowski;75;Bayern;robert;lewandowski;78;Bayern;robert;lewandowski;24;Bayern;thomas;mueller;45;Bayern;thomas;mueller;45;Bayern;thomas;mueller;63;Bayern;thomas;mueller;72;Bayern;thomas;mueller;75;Bayern;thomas;mueller;78;Bayern;thomas;mueller;24;Bremen;milot;rashica;45;Bremen;milot;rashica;45;Bremen;milot;rashica;63;Bremen;milot;rashica;72;Bremen;milot;rashica;75;Bremen;milot;rashica;78;Bremen;milot;rashica;
14.12.2019;Düsseldorf;0;RB Leipzig;0;2;RB Leipzig;nordi;mukiele;58;RB Leipzig;nordi;mukiele;75;RB Leipzig;nordi;mukiele;2;RB Leipzig;patrik;schick;58;RB Leipzig;patrik;schick;75;RB Leipzig;patrik;schick;2;RB Leipzig;timo;werner;58;RB Leipzig;timo;werner;75;RB Leipzig;timo;werner;
15.12.2019;Wolfsburg;0;Mönchengladbach;0;13;Wolfsburg;maximilian;arnold;15;Wolfsburg;maximilian;arnold;90;Wolfsburg;maximilian;arnold;13;Mönchengladbach;breel;embolo;15;Mönchengladbach;breel;embolo;90;Mönchengladbach;breel;embolo;13;Wolfsburg;xaver;schlager;15;Wolfsburg;xaver;schlager;90;Wolfsburg;xaver;schlager;
15.12.2019;Schalke;0;Frankfurt;0;53;Schalke;benito;raman;
17.12.2019;Bremen;0;Mainz;0;10;Mainz;jiri;pavlenka;15;Mainz;jiri;pavlenka;19;Mainz;jiri;pavlenka;38;Mainz;jiri;pavlenka;81;Mainz;jiri;pavlenka;10;Mainz;jean;philippe;15;Mainz;jean;philippe;19;Mainz;jean;philippe;38;Mainz;jean;philippe;81;Mainz;jean;philippe;10;Mainz;robin;quaison;15;Mainz;robin;quaison;19;Mainz;robin;quaison;38;Mainz;robin;quaison;81;Mainz;robin;quaison;
17.12.2019;Dortmund;0;RB Leipzig;0;23;Dortmund;julian;brandt;34;Dortmund;julian;brandt;47;Dortmund;julian;brandt;53;Dortmund;julian;brandt;55;Dortmund;julian;brandt;77;Dortmund;julian;brandt;23;Dortmund;jadon;sancho;34;Dortmund;jadon;sancho;47;Dortmund;jadon;sancho;53;Dortmund;jadon;sancho;55;Dortmund;jadon;sancho;77;Dortmund;jadon;sancho;23;RB Leipzig;patrik;schick;34;RB Leipzig;patrik;schick;47;RB Leipzig;patrik;schick;53;RB Leipzig;patrik;schick;55;RB Leipzig;patrik;schick;77;RB Leipzig;patrik;schick;23;Dortmund;julian;weigl;34;Dortmund;julian;weigl;47;Dortmund;julian;weigl;53;Dortmund;julian;weigl;55;Dortmund;julian;weigl;77;Dortmund;julian;weigl;23;RB Leipzig;timo;werner;34;RB Leipzig;timo;werner;47;RB Leipzig;timo;werner;53;RB Leipzig;timo;werner;55;RB Leipzig;timo;werner;77;RB Leipzig;timo;werner;
17.12.2019;Augsburg;0;Düsseldorf;0;32;Augsburg;tin;jedvaj;61;Augsburg;tin;jedvaj;72;Augsburg;tin;jedvaj;32;Augsburg;philipp;max;61;Augsburg;philipp;max;72;Augsburg;philipp;max;
17.12.2019;Union Berlin;0;Hoffenheim;0;56;Hoffenheim;christoph;baumgartner;90;Hoffenheim;christoph;baumgartner;56;Hoffenheim;ihlas;bebou;90;Hoffenheim;ihlas;bebou;
18.12.2019;Leverkusen;0;Hertha BSC;0;64;Hertha BSC;karim;rekik;
18.12.2019;Mönchengladbach;0;Paderborn;0;46;Mönchengladbach;alassane;plea;67;Mönchengladbach;alassane;plea;46;Mönchengladbach;lars;stindl;67;Mönchengladbach;lars;stindl;
18.12.2019;Wolfsburg;0;Schalke;0;50;Schalke;ozan;kabak;82;Schalke;ozan;kabak;50;Wolfsburg;kevin;mbabu;82;Wolfsburg;kevin;mbabu;
18.12.2019;Frankfurt;0;Köln;0;6;Köln;sebastiaan;bornauw;30;Köln;sebastiaan;bornauw;44;Köln;sebastiaan;bornauw;72;Köln;sebastiaan;bornauw;81;Köln;sebastiaan;bornauw;90;Köln;sebastiaan;bornauw;6;Köln;dominick;drexler;30;Köln;dominick;drexler;44;Köln;dominick;drexler;72;Köln;dominick;drexler;81;Köln;dominick;drexler;90;Köln;dominick;drexler;6;Köln;jonas;hector;30;Köln;jonas;hector;44;Köln;jonas;hector;72;Köln;jonas;hector;81;Köln;jonas;hector;90;Köln;jonas;hector;6;Frankfurt;martin;hinteregger;30;Frankfurt;martin;hinteregger;44;Frankfurt;martin;hinteregger;72;Frankfurt;martin;hinteregger;81;Frankfurt;martin;hinteregger;90;Frankfurt;martin;hinteregger;6;Köln;ismail;jakobs;30;Köln;ismail;jakobs;44;Köln;ismail;jakobs;72;Köln;ismail;jakobs;81;Köln;ismail;jakobs;90;Köln;ismail;jakobs;6;Frankfurt;goncalo;paciencia;30;Frankfurt;goncalo;paciencia;44;Frankfurt;goncalo;paciencia;72;Frankfurt;goncalo;paciencia;81;Frankfurt;goncalo;paciencia;90;Frankfurt;goncalo;paciencia;
18.12.2019;Freiburg;0;Bayern;0;16;Bayern;serge;gnabry;59;Bayern;serge;gnabry;90;Bayern;serge;gnabry;90;Bayern;serge;gnabry;16;Freiburg;vincenzo;grifo;59;Freiburg;vincenzo;grifo;90;Freiburg;vincenzo;grifo;90;Freiburg;vincenzo;grifo;16;Bayern;robert;lewandowski;59;Bayern;robert;lewandowski;90;Bayern;robert;lewandowski;90;Bayern;robert;lewandowski;16;Bayern;joshua;zirkzee;59;Bayern;joshua;zirkzee;90;Bayern;joshua;zirkzee;90;Bayern;joshua;zirkzee;
20.12.2019;Hoffenheim;0;Dortmund;0;17;Hoffenheim;sargis;adamyan;79;Hoffenheim;sargis;adamyan;87;Hoffenheim;sargis;adamyan;17;Dortmund;mario;goetze;79;Dortmund;mario;goetze;87;Dortmund;mario;goetze;17;Hoffenheim;andrej;kramaric;79;Hoffenheim;andrej;kramaric;87;Hoffenheim;andrej;kramaric;
21.12.2019;Schalke;0;Freiburg;0;26;Freiburg;vincenzo;grifo;54;Freiburg;vincenzo;grifo;67;Freiburg;vincenzo;grifo;80;Freiburg;vincenzo;grifo;26;Schalke;ahmed;kutucu;54;Schalke;ahmed;kutucu;67;Schalke;ahmed;kutucu;80;Schalke;ahmed;kutucu;26;Freiburg;nils;petersen;54;Freiburg;nils;petersen;67;Freiburg;nils;petersen;80;Freiburg;nils;petersen;26;Schalke;suat;serdar;54;Schalke;suat;serdar;67;Schalke;suat;serdar;80;Schalke;suat;serdar;
21.12.2019;Köln;0;Bremen;0;39;Köln;jhon;cordoba;
21.12.2019;Bayern;0;Wolfsburg;0;85;Bayern;serge;gnabry;89;Bayern;serge;gnabry;85;Bayern;joshua;zirkzee;89;Bayern;joshua;zirkzee;
21.12.2019;RB Leipzig;0;Augsburg;0;8;RB Leipzig;konrad;laimer;68;RB Leipzig;konrad;laimer;79;RB Leipzig;konrad;laimer;89;RB Leipzig;konrad;laimer;8;Augsburg;florian;niederlechner;68;Augsburg;florian;niederlechner;79;Augsburg;florian;niederlechner;89;Augsburg;florian;niederlechner;8;RB Leipzig;yussuf;poulsen;68;RB Leipzig;yussuf;poulsen;79;RB Leipzig;yussuf;poulsen;89;RB Leipzig;yussuf;poulsen;8;RB Leipzig;patrik;schick;68;RB Leipzig;patrik;schick;79;RB Leipzig;patrik;schick;89;RB Leipzig;patrik;schick;
21.12.2019;Mainz;0;Leverkusen;0;90;Leverkusen;lucas;alario;
21.12.2019;Hertha BSC;0;Mönchengladbach;0;
22.12.2019;Düsseldorf;0;Union Berlin;0;38;Düsseldorf;rouwen;hennings;48;Düsseldorf;rouwen;hennings;90;Düsseldorf;rouwen;hennings;38;Union Berlin;michael;parensen;48;Union Berlin;michael;parensen;90;Union Berlin;michael;parensen;38;Düsseldorf;erik;thommy;48;Düsseldorf;erik;thommy;90;Düsseldorf;erik;thommy;
22.12.2019;Paderborn;0;Frankfurt;0;9;Frankfurt;bas;dost;41;Frankfurt;bas;dost;72;Frankfurt;bas;dost;9;Paderborn;abdelhamid;sabiri;41;Paderborn;abdelhamid;sabiri;72;Paderborn;abdelhamid;sabiri;9;Paderborn;sebastian;schonlau;41;Paderborn;sebastian;schonlau;72;Paderborn;sebastian;schonlau;
17.01.2020;Schalke;0;Mönchengladbach;0;48;Schalke;michael;gregoritsch;58;Schalke;michael;gregoritsch;48;Schalke;suat;serdar;58;Schalke;suat;serdar;
18.01.2020;Augsburg;0;Dortmund;0;34;Dortmund;julian;brandt;46;Dortmund;julian;brandt;49;Dortmund;julian;brandt;55;Dortmund;julian;brandt;59;Dortmund;julian;brandt;61;Dortmund;julian;brandt;70;Dortmund;julian;brandt;79;Dortmund;julian;brandt;34;Dortmund;erling;haaland;46;Dortmund;erling;haaland;49;Dortmund;erling;haaland;55;Dortmund;erling;haaland;59;Dortmund;erling;haaland;61;Dortmund;erling;haaland;70;Dortmund;erling;haaland;79;Dortmund;erling;haaland;34;Augsburg;florian;niederlechner;46;Augsburg;florian;niederlechner;49;Augsburg;florian;niederlechner;55;Augsburg;florian;niederlechner;59;Augsburg;florian;niederlechner;61;Augsburg;florian;niederlechner;70;Augsburg;florian;niederlechner;79;Augsburg;florian;niederlechner;34;Augsburg;marco;richter;46;Augsburg;marco;richter;49;Augsburg;marco;richter;55;Augsburg;marco;richter;59;Augsburg;marco;richter;61;Augsburg;marco;richter;70;Augsburg;marco;richter;79;Augsburg;marco;richter;34;Dortmund;jadon;sancho;46;Dortmund;jadon;sancho;49;Dortmund;jadon;sancho;55;Dortmund;jadon;sancho;59;Dortmund;jadon;sancho;61;Dortmund;jadon;sancho;70;Dortmund;jadon;sancho;79;Dortmund;jadon;sancho;
18.01.2020;Köln;0;Wolfsburg;0;22;Köln;jhon;cordoba;45;Köln;jhon;cordoba;62;Köln;jhon;cordoba;66;Köln;jhon;cordoba;22;Köln;jonas;hector;45;Köln;jonas;hector;62;Köln;jonas;hector;66;Köln;jonas;hector;22;Wolfsburg;renato;steffen;45;Wolfsburg;renato;steffen;62;Wolfsburg;renato;steffen;66;Wolfsburg;renato;steffen;
18.01.2020;Hoffenheim;0;Frankfurt;0;18;Frankfurt;timothy;chandler;48;Frankfurt;timothy;chandler;62;Frankfurt;timothy;chandler;18;Frankfurt;bas;dost;48;Frankfurt;bas;dost;62;Frankfurt;bas;dost;18;Hoffenheim;kostas;stafylidis;48;Hoffenheim;kostas;stafylidis;62;Hoffenheim;kostas;stafylidis;
18.01.2020;Düsseldorf;0;Bremen;0;67;Bremen;florian;kastenmeier;
18.01.2020;Mainz;0;Freiburg;0;28;Freiburg;kwon;chang;41;Freiburg;kwon;chang;82;Freiburg;kwon;chang;28;Freiburg;nils;petersen;41;Freiburg;nils;petersen;82;Freiburg;nils;petersen;28;Mainz;jean;philippe;41;Mainz;jean;philippe;82;Mainz;jean;philippe;
18.01.2020;RB Leipzig;0;Union Berlin;0;10;Union Berlin;marius;bulter;51;Union Berlin;marius;bulter;57;Union Berlin;marius;bulter;83;Union Berlin;marius;bulter;10;RB Leipzig;marcel;sabitzer;51;RB Leipzig;marcel;sabitzer;57;RB Leipzig;marcel;sabitzer;83;RB Leipzig;marcel;sabitzer;10;RB Leipzig;timo;werner;51;RB Leipzig;timo;werner;57;RB Leipzig;timo;werner;83;RB Leipzig;timo;werner;
19.01.2020;Hertha BSC;0;Bayern;0;60;Bayern;robert;lewandowski;73;Bayern;robert;lewandowski;76;Bayern;robert;lewandowski;84;Bayern;robert;lewandowski;60;Bayern;thomas;mueller;73;Bayern;thomas;mueller;76;Bayern;thomas;mueller;84;Bayern;thomas;mueller;60;Bayern;ivan;perisic;73;Bayern;ivan;perisic;76;Bayern;ivan;perisic;84;Bayern;ivan;perisic;60;Bayern;;thiago;73;Bayern;;thiago;76;Bayern;;thiago;84;Bayern;;thiago;
19.01.2020;Paderborn;0;Leverkusen;0;11;Leverkusen;julian;baumgartlinger;14;Leverkusen;julian;baumgartlinger;36;Leverkusen;julian;baumgartlinger;51;Leverkusen;julian;baumgartlinger;75;Leverkusen;julian;baumgartlinger;11;Leverkusen;kai;havertz;14;Leverkusen;kai;havertz;36;Leverkusen;kai;havertz;51;Leverkusen;kai;havertz;75;Leverkusen;kai;havertz;11;Paderborn;dennis;srbeny;14;Paderborn;dennis;srbeny;36;Paderborn;dennis;srbeny;51;Paderborn;dennis;srbeny;75;Paderborn;dennis;srbeny;11;Leverkusen;kevin;volland;14;Leverkusen;kevin;volland;36;Leverkusen;kevin;volland;51;Leverkusen;kevin;volland;75;Leverkusen;kevin;volland;
24.01.2020;Dortmund;0;Köln;0;1;Dortmund;raphael;guerreiro;29;Dortmund;raphael;guerreiro;48;Dortmund;raphael;guerreiro;65;Dortmund;raphael;guerreiro;77;Dortmund;raphael;guerreiro;87;Dortmund;raphael;guerreiro;1;Dortmund;erling;haaland;29;Dortmund;erling;haaland;48;Dortmund;erling;haaland;65;Dortmund;erling;haaland;77;Dortmund;erling;haaland;87;Dortmund;erling;haaland;1;Dortmund;marco;reus;29;Dortmund;marco;reus;48;Dortmund;marco;reus;65;Dortmund;marco;reus;77;Dortmund;marco;reus;87;Dortmund;marco;reus;1;Dortmund;jadon;sancho;29;Dortmund;jadon;sancho;48;Dortmund;jadon;sancho;65;Dortmund;jadon;sancho;77;Dortmund;jadon;sancho;87;Dortmund;jadon;sancho;1;Köln;mark;uth;29;Köln;mark;uth;48;Köln;mark;uth;65;Köln;mark;uth;77;Köln;mark;uth;87;Köln;mark;uth;
25.01.2020;Mönchengladbach;0;Mainz;0;12;Mönchengladbach;florian;neuhaus;24;Mönchengladbach;florian;neuhaus;76;Mönchengladbach;florian;neuhaus;88;Mönchengladbach;florian;neuhaus;12;Mönchengladbach;alassane;plea;24;Mönchengladbach;alassane;plea;76;Mönchengladbach;alassane;plea;88;Mönchengladbach;alassane;plea;12;Mainz;robin;quaison;24;Mainz;robin;quaison;76;Mainz;robin;quaison;88;Mainz;robin;quaison;
25.01.2020;Wolfsburg;0;Hertha BSC;0;68;Hertha BSC;dodi;lukebakio;74;Hertha BSC;dodi;lukebakio;90;Hertha BSC;dodi;lukebakio;68;Wolfsburg;admir;mehmedi;74;Wolfsburg;admir;mehmedi;90;Wolfsburg;admir;mehmedi;68;Hertha BSC;jordan;torunarigha;74;Hertha BSC;jordan;torunarigha;90;Hertha BSC;jordan;torunarigha;
25.01.2020;Frankfurt;0;RB Leipzig;0;48;Frankfurt;filip;kostic;90;Frankfurt;filip;kostic;48;Frankfurt;almamy;toure;90;Frankfurt;almamy;toure;
25.01.2020;Freiburg;0;Paderborn;0;48;Paderborn;christopher;antwi;84;Paderborn;christopher;antwi;48;Paderborn;abdelhamid;sabiri;84;Paderborn;abdelhamid;sabiri;
25.01.2020;Union Berlin;0;Augsburg;0;47;Union Berlin;marcus;ingvartsen;61;Union Berlin;marcus;ingvartsen;47;Union Berlin;neven;subotic;61;Union Berlin;neven;subotic;
25.01.2020;Bayern;0;Schalke;0;6;Bayern;serge;gnabry;45;Bayern;serge;gnabry;50;Bayern;serge;gnabry;58;Bayern;serge;gnabry;89;Bayern;serge;gnabry;6;Bayern;leon;goretzka;45;Bayern;leon;goretzka;50;Bayern;leon;goretzka;58;Bayern;leon;goretzka;89;Bayern;leon;goretzka;6;Bayern;robert;lewandowski;45;Bayern;robert;lewandowski;50;Bayern;robert;lewandowski;58;Bayern;robert;lewandowski;89;Bayern;robert;lewandowski;6;Bayern;thomas;mueller;45;Bayern;thomas;mueller;50;Bayern;thomas;mueller;58;Bayern;thomas;mueller;89;Bayern;thomas;mueller;6;Bayern;;thiago;45;Bayern;;thiago;50;Bayern;;thiago;58;Bayern;;thiago;89;Bayern;;thiago;
26.01.2020;Bremen;0;Hoffenheim;0;65;Hoffenheim;sargis;adamyan;79;Hoffenheim;sargis;adamyan;83;Hoffenheim;sargis;adamyan;65;Hoffenheim;christoph;baumgartner;79;Hoffenheim;christoph;baumgartner;83;Hoffenheim;christoph;baumgartner;65;Hoffenheim;davy;klaassen;79;Hoffenheim;davy;klaassen;83;Hoffenheim;davy;klaassen;
26.01.2020;Leverkusen;0;Düsseldorf;0;40;Leverkusen;lucas;alario;79;Leverkusen;lucas;alario;89;Leverkusen;lucas;alario;40;Leverkusen;lars;bender;79;Leverkusen;lars;bender;89;Leverkusen;lars;bender;40;Leverkusen;kai;havertz;79;Leverkusen;kai;havertz;89;Leverkusen;kai;havertz;
31.01.2020;Hertha BSC;0;Schalke;0;
01.02.2020;Dortmund;0;Union Berlin;0;13;Dortmund;erling;haaland;18;Dortmund;erling;haaland;68;Dortmund;erling;haaland;70;Dortmund;erling;haaland;76;Dortmund;erling;haaland;13;Dortmund;marco;reus;18;Dortmund;marco;reus;68;Dortmund;marco;reus;70;Dortmund;marco;reus;76;Dortmund;marco;reus;13;Dortmund;jadon;sancho;18;Dortmund;jadon;sancho;68;Dortmund;jadon;sancho;70;Dortmund;jadon;sancho;76;Dortmund;jadon;sancho;13;Dortmund;axel;witsel;18;Dortmund;axel;witsel;68;Dortmund;axel;witsel;70;Dortmund;axel;witsel;76;Dortmund;axel;witsel;
01.02.2020;Hoffenheim;0;Leverkusen;0;11;Leverkusen;moussa;diaby;23;Leverkusen;moussa;diaby;65;Leverkusen;moussa;diaby;11;Hoffenheim;andrej;kramaric;23;Hoffenheim;andrej;kramaric;65;Hoffenheim;andrej;kramaric;11;Hoffenheim;robert;skov;23;Hoffenheim;robert;skov;65;Hoffenheim;robert;skov;
01.02.2020;Düsseldorf;0;Frankfurt;0;78;Düsseldorf;kaan;ayhan;90;Düsseldorf;kaan;ayhan;78;Frankfurt;timothy;chandler;90;Frankfurt;timothy;chandler;
01.02.2020;Mainz;0;Bayern;0;8;Bayern;robert;lewandowski;14;Bayern;robert;lewandowski;26;Bayern;robert;lewandowski;45;Bayern;robert;lewandowski;8;Bayern;thomas;mueller;14;Bayern;thomas;mueller;26;Bayern;thomas;mueller;45;Bayern;thomas;mueller;8;Mainz;jeremiah;st;14;Mainz;jeremiah;st;26;Mainz;jeremiah;st;45;Mainz;jeremiah;st;8;Bayern;;thiago;14;Bayern;;thiago;26;Bayern;;thiago;45;Bayern;;thiago;
01.02.2020;Augsburg;0;Bremen;0;23;Bremen;tin;jedvaj;67;Bremen;tin;jedvaj;82;Bremen;tin;jedvaj;23;Augsburg;florian;niederlechner;67;Augsburg;florian;niederlechner;82;Augsburg;florian;niederlechner;23;Augsburg;ruben;vargas;67;Augsburg;ruben;vargas;82;Augsburg;ruben;vargas;
01.02.2020;RB Leipzig;0;Mönchengladbach;0;24;Mönchengladbach;jonas;hofmann;35;Mönchengladbach;jonas;hofmann;50;Mönchengladbach;jonas;hofmann;89;Mönchengladbach;jonas;hofmann;24;RB Leipzig;christopher;nkunku;35;RB Leipzig;christopher;nkunku;50;RB Leipzig;christopher;nkunku;89;RB Leipzig;christopher;nkunku;24;Mönchengladbach;alassane;plea;35;Mönchengladbach;alassane;plea;50;Mönchengladbach;alassane;plea;89;Mönchengladbach;alassane;plea;24;RB Leipzig;patrik;schick;35;RB Leipzig;patrik;schick;50;RB Leipzig;patrik;schick;89;RB Leipzig;patrik;schick;
02.02.2020;Köln;0;Freiburg;0;29;Köln;sebastiaan;bornauw;55;Köln;sebastiaan;bornauw;90;Köln;sebastiaan;bornauw;90;Köln;sebastiaan;bornauw;29;Köln;jhon;cordoba;55;Köln;jhon;cordoba;90;Köln;jhon;cordoba;90;Köln;jhon;cordoba;29;Köln;kingsley;ehizibue;55;Köln;kingsley;ehizibue;90;Köln;kingsley;ehizibue;90;Köln;kingsley;ehizibue;29;Köln;ismail;jakobs;55;Köln;ismail;jakobs;90;Köln;ismail;jakobs;90;Köln;ismail;jakobs;
02.02.2020;Paderborn;0;Wolfsburg;0;22;Wolfsburg;maximilian;arnold;26;Wolfsburg;maximilian;arnold;40;Wolfsburg;maximilian;arnold;60;Wolfsburg;maximilian;arnold;72;Wolfsburg;maximilian;arnold;76;Wolfsburg;maximilian;arnold;22;Wolfsburg;daniel;ginczek;26;Wolfsburg;daniel;ginczek;40;Wolfsburg;daniel;ginczek;60;Wolfsburg;daniel;ginczek;72;Wolfsburg;daniel;ginczek;76;Wolfsburg;daniel;ginczek;22;Wolfsburg;robin;knoche;26;Wolfsburg;robin;knoche;40;Wolfsburg;robin;knoche;60;Wolfsburg;robin;knoche;72;Wolfsburg;robin;knoche;76;Wolfsburg;robin;knoche;22;Paderborn;sebastian;vasiliadis;26;Paderborn;sebastian;vasiliadis;40;Paderborn;sebastian;vasiliadis;60;Paderborn;sebastian;vasiliadis;72;Paderborn;sebastian;vasiliadis;76;Paderborn;sebastian;vasiliadis;22;Paderborn;ben;zolinski;26;Paderborn;ben;zolinski;40;Paderborn;ben;zolinski;60;Paderborn;ben;zolinski;72;Paderborn;ben;zolinski;76;Paderborn;ben;zolinski;
07.02.2020;Frankfurt;0;Augsburg;0;37;Frankfurt;timothy;chandler;48;Frankfurt;timothy;chandler;55;Frankfurt;timothy;chandler;89;Frankfurt;timothy;chandler;90;Frankfurt;timothy;chandler;37;Frankfurt;filip;kostic;48;Frankfurt;filip;kostic;55;Frankfurt;filip;kostic;89;Frankfurt;filip;kostic;90;Frankfurt;filip;kostic;37;Frankfurt;andre;silva;48;Frankfurt;andre;silva;55;Frankfurt;andre;silva;89;Frankfurt;andre;silva;90;Frankfurt;andre;silva;
08.02.2020;Wolfsburg;0;Düsseldorf;0;13;Wolfsburg;renato;steffen;50;Wolfsburg;renato;steffen;13;Düsseldorf;matthias;zimmermann;50;Düsseldorf;matthias;zimmermann;
08.02.2020;Bremen;0;Union Berlin;0;52;Union Berlin;marius;bulter;72;Union Berlin;marius;bulter;
08.02.2020;Hertha BSC;0;Mainz;0;17;Hertha BSC;jeffrey;bruma;82;Hertha BSC;jeffrey;bruma;84;Hertha BSC;jeffrey;bruma;90;Hertha BSC;jeffrey;bruma;17;Mainz;robin;quaison;82;Mainz;robin;quaison;84;Mainz;robin;quaison;90;Mainz;robin;quaison;
08.02.2020;Freiburg;0;Hoffenheim;0;40;Freiburg;luca;waldschmidt;
08.02.2020;Schalke;0;Paderborn;0;63;Paderborn;klaus;gjasula;81;Paderborn;klaus;gjasula;63;Schalke;ahmed;kutucu;81;Schalke;ahmed;kutucu;
08.02.2020;Leverkusen;0;Dortmund;0;20;Leverkusen;leon;bailey;22;Leverkusen;leon;bailey;33;Leverkusen;leon;bailey;43;Leverkusen;leon;bailey;65;Leverkusen;leon;bailey;81;Leverkusen;leon;bailey;82;Leverkusen;leon;bailey;20;Leverkusen;lars;bender;22;Leverkusen;lars;bender;33;Leverkusen;lars;bender;43;Leverkusen;lars;bender;65;Leverkusen;lars;bender;81;Leverkusen;lars;bender;82;Leverkusen;lars;bender;20;Dortmund;emre;can;22;Dortmund;emre;can;33;Dortmund;emre;can;43;Dortmund;emre;can;65;Dortmund;emre;can;81;Dortmund;emre;can;82;Dortmund;emre;can;20;Dortmund;raphael;guerreiro;22;Dortmund;raphael;guerreiro;33;Dortmund;raphael;guerreiro;43;Dortmund;raphael;guerreiro;65;Dortmund;raphael;guerreiro;81;Dortmund;raphael;guerreiro;82;Dortmund;raphael;guerreiro;20;Dortmund;mats;hummels;22;Dortmund;mats;hummels;33;Dortmund;mats;hummels;43;Dortmund;mats;hummels;65;Dortmund;mats;hummels;81;Dortmund;mats;hummels;82;Dortmund;mats;hummels;20;Leverkusen;kevin;volland;22;Leverkusen;kevin;volland;33;Leverkusen;kevin;volland;43;Leverkusen;kevin;volland;65;Leverkusen;kevin;volland;81;Leverkusen;kevin;volland;82;Leverkusen;kevin;volland;
09.02.2020;Bayern;0;RB Leipzig;0;
11.03.2020;Mönchengladbach;0;Köln;0;32;Mönchengladbach;breel;embolo;70;Mönchengladbach;breel;embolo;80;Mönchengladbach;breel;embolo;32;Mönchengladbach;jorge;mere;70;Mönchengladbach;jorge;mere;80;Mönchengladbach;jorge;mere;32;Köln;mark;uth;70;Köln;mark;uth;80;Köln;mark;uth;
14.02.2020;Dortmund;0;Frankfurt;0;33;Dortmund;raphael;guerreiro;49;Dortmund;raphael;guerreiro;54;Dortmund;raphael;guerreiro;74;Dortmund;raphael;guerreiro;33;Dortmund;erling;haaland;49;Dortmund;erling;haaland;54;Dortmund;erling;haaland;74;Dortmund;erling;haaland;33;Dortmund;lukasz;piszczek;49;Dortmund;lukasz;piszczek;54;Dortmund;lukasz;piszczek;74;Dortmund;lukasz;piszczek;33;Dortmund;jadon;sancho;49;Dortmund;jadon;sancho;54;Dortmund;jadon;sancho;74;Dortmund;jadon;sancho;
15.02.2020;RB Leipzig;0;Bremen;0;17;RB Leipzig;lukas;klostermann;39;RB Leipzig;lukas;klostermann;46;RB Leipzig;lukas;klostermann;17;RB Leipzig;nordi;mukiele;39;RB Leipzig;nordi;mukiele;46;RB Leipzig;nordi;mukiele;17;RB Leipzig;patrik;schick;39;RB Leipzig;patrik;schick;46;RB Leipzig;patrik;schick;
15.02.2020;Hoffenheim;0;Wolfsburg;0;18;Hoffenheim;christoph;baumgartner;45;Hoffenheim;christoph;baumgartner;52;Hoffenheim;christoph;baumgartner;60;Hoffenheim;christoph;baumgartner;71;Hoffenheim;christoph;baumgartner;18;Hoffenheim;andrej;kramaric;45;Hoffenheim;andrej;kramaric;52;Hoffenheim;andrej;kramaric;60;Hoffenheim;andrej;kramaric;71;Hoffenheim;andrej;kramaric;18;Wolfsburg;wout;weghorst;45;Wolfsburg;wout;weghorst;52;Wolfsburg;wout;weghorst;60;Wolfsburg;wout;weghorst;71;Wolfsburg;wout;weghorst;
15.02.2020;Augsburg;0;Freiburg;0;38;Freiburg;janik;haberer;51;Freiburg;janik;haberer;38;Augsburg;philipp;max;51;Augsburg;philipp;max;
15.02.2020;Paderborn;0;Hertha BSC;0;10;Hertha BSC;dedryck;boyata;51;Hertha BSC;dedryck;boyata;67;Hertha BSC;dedryck;boyata;10;Hertha BSC;jamilu;collins;51;Hertha BSC;jamilu;collins;67;Hertha BSC;jamilu;collins;10;Paderborn;dennis;srbeny;51;Paderborn;dennis;srbeny;67;Paderborn;dennis;srbeny;
15.02.2020;Union Berlin;0;Leverkusen;0;7;Leverkusen;karim;bellarabi;22;Leverkusen;karim;bellarabi;83;Leverkusen;karim;bellarabi;87;Leverkusen;karim;bellarabi;90;Leverkusen;karim;bellarabi;7;Union Berlin;marius;bulter;22;Union Berlin;marius;bulter;83;Union Berlin;marius;bulter;87;Union Berlin;marius;bulter;90;Union Berlin;marius;bulter;7;Leverkusen;moussa;diaby;22;Leverkusen;moussa;diaby;83;Leverkusen;moussa;diaby;87;Leverkusen;moussa;diaby;90;Leverkusen;moussa;diaby;7;Union Berlin;christian;gentner;22;Union Berlin;christian;gentner;83;Union Berlin;christian;gentner;87;Union Berlin;christian;gentner;90;Union Berlin;christian;gentner;7;Leverkusen;kai;havertz;22;Leverkusen;kai;havertz;83;Leverkusen;kai;havertz;87;Leverkusen;kai;havertz;90;Leverkusen;kai;havertz;
15.02.2020;Düsseldorf;0;Mönchengladbach;0;22;Mönchengladbach;jonas;hofmann;29;Mönchengladbach;jonas;hofmann;51;Mönchengladbach;jonas;hofmann;77;Mönchengladbach;jonas;hofmann;82;Mönchengladbach;jonas;hofmann;22;Mönchengladbach;florian;neuhaus;29;Mönchengladbach;florian;neuhaus;51;Mönchengladbach;florian;neuhaus;77;Mönchengladbach;florian;neuhaus;82;Mönchengladbach;florian;neuhaus;22;Mönchengladbach;lars;stindl;29;Mönchengladbach;lars;stindl;51;Mönchengladbach;lars;stindl;77;Mönchengladbach;lars;stindl;82;Mönchengladbach;lars;stindl;22;Düsseldorf;erik;thommy;29;Düsseldorf;erik;thommy;51;Düsseldorf;erik;thommy;77;Düsseldorf;erik;thommy;82;Düsseldorf;erik;thommy;
16.02.2020;Köln;0;Bayern;0;3;Bayern;kingsley;coman;5;Bayern;kingsley;coman;12;Bayern;kingsley;coman;66;Bayern;kingsley;coman;70;Bayern;kingsley;coman;3;Bayern;serge;gnabry;5;Bayern;serge;gnabry;12;Bayern;serge;gnabry;66;Bayern;serge;gnabry;70;Bayern;serge;gnabry;3;Bayern;robert;lewandowski;5;Bayern;robert;lewandowski;12;Bayern;robert;lewandowski;66;Bayern;robert;lewandowski;70;Bayern;robert;lewandowski;3;Köln;mark;uth;5;Köln;mark;uth;12;Köln;mark;uth;66;Köln;mark;uth;70;Köln;mark;uth;
16.02.2020;Mainz;0;Schalke;0;
21.02.2020;Bayern;0;Paderborn;0;25;Bayern;serge;gnabry;44;Bayern;serge;gnabry;70;Bayern;serge;gnabry;75;Bayern;serge;gnabry;88;Bayern;serge;gnabry;25;Bayern;robert;lewandowski;44;Bayern;robert;lewandowski;70;Bayern;robert;lewandowski;75;Bayern;robert;lewandowski;88;Bayern;robert;lewandowski;25;Paderborn;sven;michel;44;Paderborn;sven;michel;70;Paderborn;sven;michel;75;Paderborn;sven;michel;88;Paderborn;sven;michel;25;Paderborn;dennis;srbeny;44;Paderborn;dennis;srbeny;70;Paderborn;dennis;srbeny;75;Paderborn;dennis;srbeny;88;Paderborn;dennis;srbeny;
22.02.2020;Mönchengladbach;0;Hoffenheim;0;11;Mönchengladbach;matthias;ginter;90;Mönchengladbach;matthias;ginter;11;Hoffenheim;lucas;ribeiro;90;Hoffenheim;lucas;ribeiro;
22.02.2020;Bremen;0;Dortmund;0;52;Dortmund;dan;axel;66;Dortmund;dan;axel;52;Dortmund;erling;haaland;66;Dortmund;erling;haaland;
22.02.2020;Hertha BSC;0;Köln;0;4;Köln;jhon;cordoba;22;Köln;jhon;cordoba;37;Köln;jhon;cordoba;62;Köln;jhon;cordoba;69;Köln;jhon;cordoba;4;Köln;florian;kainz;22;Köln;florian;kainz;37;Köln;florian;kainz;62;Köln;florian;kainz;69;Köln;florian;kainz;4;Köln;mark;uth;22;Köln;mark;uth;37;Köln;mark;uth;62;Köln;mark;uth;69;Köln;mark;uth;
22.02.2020;Freiburg;0;Düsseldorf;0;37;Düsseldorf;andre;hoffmann;61;Düsseldorf;andre;hoffmann;37;Düsseldorf;erik;thommy;61;Düsseldorf;erik;thommy;
22.02.2020;Schalke;0;RB Leipzig;0;1;RB Leipzig;;angelino;61;RB Leipzig;;angelino;67;RB Leipzig;;angelino;80;RB Leipzig;;angelino;89;RB Leipzig;;angelino;1;RB Leipzig;emil;forsberg;61;RB Leipzig;emil;forsberg;67;RB Leipzig;emil;forsberg;80;RB Leipzig;emil;forsberg;89;RB Leipzig;emil;forsberg;1;RB Leipzig;marcel;halstenberg;61;RB Leipzig;marcel;halstenberg;67;RB Leipzig;marcel;halstenberg;80;RB Leipzig;marcel;halstenberg;89;RB Leipzig;marcel;halstenberg;1;RB Leipzig;marcel;sabitzer;61;RB Leipzig;marcel;sabitzer;67;RB Leipzig;marcel;sabitzer;80;RB Leipzig;marcel;sabitzer;89;RB Leipzig;marcel;sabitzer;1;RB Leipzig;timo;werner;61;RB Leipzig;timo;werner;67;RB Leipzig;timo;werner;80;RB Leipzig;timo;werner;89;RB Leipzig;timo;werner;
23.02.2020;Leverkusen;0;Augsburg;0;25;Leverkusen;nadiem;amiri;59;Leverkusen;nadiem;amiri;25;Leverkusen;moussa;diaby;59;Leverkusen;moussa;diaby;
23.02.2020;Wolfsburg;0;Mainz;0;21;Wolfsburg;josip;brekalo;45;Wolfsburg;josip;brekalo;49;Wolfsburg;josip;brekalo;68;Wolfsburg;josip;brekalo;21;Wolfsburg;yannick;gerhardt;45;Wolfsburg;yannick;gerhardt;49;Wolfsburg;yannick;gerhardt;68;Wolfsburg;yannick;gerhardt;21;Wolfsburg;renato;steffen;45;Wolfsburg;renato;steffen;49;Wolfsburg;renato;steffen;68;Wolfsburg;renato;steffen;
24.02.2020;Frankfurt;0;Union Berlin;0;49;Union Berlin;sebastian;andersson;67;Union Berlin;sebastian;andersson;79;Union Berlin;sebastian;andersson;49;Frankfurt;florian;hubner;67;Frankfurt;florian;hubner;79;Frankfurt;florian;hubner;49;Union Berlin;evan;n;67;Union Berlin;evan;n;79;Union Berlin;evan;n;
28.02.2020;Düsseldorf;0;Hertha BSC;0;6;Hertha BSC;matheus;cunha;9;Hertha BSC;matheus;cunha;45;Hertha BSC;matheus;cunha;64;Hertha BSC;matheus;cunha;66;Hertha BSC;matheus;cunha;75;Hertha BSC;matheus;cunha;6;Düsseldorf;kenan;karaman;9;Düsseldorf;kenan;karaman;45;Düsseldorf;kenan;karaman;64;Düsseldorf;kenan;karaman;66;Düsseldorf;kenan;karaman;75;Düsseldorf;kenan;karaman;6;Hertha BSC;krzysztof;piatek;9;Hertha BSC;krzysztof;piatek;45;Hertha BSC;krzysztof;piatek;64;Hertha BSC;krzysztof;piatek;66;Hertha BSC;krzysztof;piatek;75;Hertha BSC;krzysztof;piatek;6;Düsseldorf;erik;thommy;9;Düsseldorf;erik;thommy;45;Düsseldorf;erik;thommy;64;Düsseldorf;erik;thommy;66;Düsseldorf;erik;thommy;75;Düsseldorf;erik;thommy;
29.02.2020;Dortmund;0;Freiburg;0;15;Dortmund;jadon;sancho;
29.02.2020;Hoffenheim;0;Bayern;0;2;Bayern;philippe;coutinho;7;Bayern;philippe;coutinho;15;Bayern;philippe;coutinho;33;Bayern;philippe;coutinho;47;Bayern;philippe;coutinho;62;Bayern;philippe;coutinho;2;Bayern;serge;gnabry;7;Bayern;serge;gnabry;15;Bayern;serge;gnabry;33;Bayern;serge;gnabry;47;Bayern;serge;gnabry;62;Bayern;serge;gnabry;2;Bayern;leon;goretzka;7;Bayern;leon;goretzka;15;Bayern;leon;goretzka;33;Bayern;leon;goretzka;47;Bayern;leon;goretzka;62;Bayern;leon;goretzka;2;Bayern;joshua;kimmich;7;Bayern;joshua;kimmich;15;Bayern;joshua;kimmich;33;Bayern;joshua;kimmich;47;Bayern;joshua;kimmich;62;Bayern;joshua;kimmich;2;Bayern;joshua;zirkzee;7;Bayern;joshua;zirkzee;15;Bayern;joshua;zirkzee;33;Bayern;joshua;zirkzee;47;Bayern;joshua;zirkzee;62;Bayern;joshua;zirkzee;
29.02.2020;Mainz;0;Paderborn;0;29;Mainz;karim;onisiwo;37;Mainz;karim;onisiwo;29;Mainz;robin;quaison;37;Mainz;robin;quaison;
29.02.2020;Augsburg;0;Mönchengladbach;0;49;Mönchengladbach;ramy;bensebaini;53;Mönchengladbach;ramy;bensebaini;57;Mönchengladbach;ramy;bensebaini;79;Mönchengladbach;ramy;bensebaini;83;Mönchengladbach;ramy;bensebaini;49;Augsburg;alfred;finnbogason;53;Augsburg;alfred;finnbogason;57;Augsburg;alfred;finnbogason;79;Augsburg;alfred;finnbogason;83;Augsburg;alfred;finnbogason;49;Augsburg;eduard;loewen;53;Augsburg;eduard;loewen;57;Augsburg;eduard;loewen;79;Augsburg;eduard;loewen;83;Augsburg;eduard;loewen;49;Mönchengladbach;lars;stindl;53;Mönchengladbach;lars;stindl;57;Mönchengladbach;lars;stindl;79;Mönchengladbach;lars;stindl;83;Mönchengladbach;lars;stindl;
29.02.2020;Köln;0;Schalke;0;9;Köln;sebastiaan;bornauw;39;Köln;sebastiaan;bornauw;75;Köln;sebastiaan;bornauw;9;Köln;jhon;cordoba;39;Köln;jhon;cordoba;75;Köln;jhon;cordoba;9;Köln;alexander;nuebel;39;Köln;alexander;nuebel;75;Köln;alexander;nuebel;
01.03.2020;Union Berlin;0;Wolfsburg;0;41;Union Berlin;sebastian;andersson;56;Union Berlin;sebastian;andersson;60;Union Berlin;sebastian;andersson;81;Union Berlin;sebastian;andersson;41;Union Berlin;marvin;friedrich;56;Union Berlin;marvin;friedrich;60;Union Berlin;marvin;friedrich;81;Union Berlin;marvin;friedrich;41;Wolfsburg;yannick;gerhardt;56;Wolfsburg;yannick;gerhardt;60;Wolfsburg;yannick;gerhardt;81;Wolfsburg;yannick;gerhardt;41;Wolfsburg;wout;weghorst;56;Wolfsburg;wout;weghorst;60;Wolfsburg;wout;weghorst;81;Wolfsburg;wout;weghorst;
01.03.2020;RB Leipzig;0;Leverkusen;0;29;Leverkusen;leon;bailey;32;Leverkusen;leon;bailey;29;RB Leipzig;patrik;schick;32;RB Leipzig;patrik;schick;
03.06.2020;Bremen;0;Frankfurt;0;61;Frankfurt;stefan;ilsanker;81;Frankfurt;stefan;ilsanker;90;Frankfurt;stefan;ilsanker;61;Frankfurt;andre;silva;81;Frankfurt;andre;silva;90;Frankfurt;andre;silva;
06.03.2020;Paderborn;0;Köln;0;28;Köln;jonas;hector;36;Köln;jonas;hector;73;Köln;jonas;hector;28;Köln;jorge;mere;36;Köln;jorge;mere;73;Köln;jorge;mere;28;Paderborn;dennis;srbeny;36;Paderborn;dennis;srbeny;73;Paderborn;dennis;srbeny;
07.03.2020;Hertha BSC;0;Bremen;0;3;Hertha BSC;matheus;cunha;6;Hertha BSC;matheus;cunha;41;Hertha BSC;matheus;cunha;60;Hertha BSC;matheus;cunha;3;Bremen;davy;klaassen;6;Bremen;davy;klaassen;41;Bremen;davy;klaassen;60;Bremen;davy;klaassen;3;Bremen;josh;sargent;6;Bremen;josh;sargent;41;Bremen;josh;sargent;60;Bremen;josh;sargent;3;Hertha BSC;niklas;stark;6;Hertha BSC;niklas;stark;41;Hertha BSC;niklas;stark;60;Hertha BSC;niklas;stark;
07.03.2020;Freiburg;0;Union Berlin;0;34;Union Berlin;sebastian;andersson;55;Union Berlin;sebastian;andersson;61;Union Berlin;sebastian;andersson;82;Union Berlin;sebastian;andersson;34;Freiburg;christian;gunter;55;Freiburg;christian;gunter;61;Freiburg;christian;gunter;82;Freiburg;christian;gunter;34;Freiburg;robin;koch;55;Freiburg;robin;koch;61;Freiburg;robin;koch;82;Freiburg;robin;koch;34;Freiburg;roland;sallai;55;Freiburg;roland;sallai;61;Freiburg;roland;sallai;82;Freiburg;roland;sallai;
07.03.2020;Schalke;0;Hoffenheim;0;20;Hoffenheim;christoph;baumgartner;69;Hoffenheim;christoph;baumgartner;20;Schalke;weston;mckennie;69;Schalke;weston;mckennie;
07.03.2020;Leverkusen;0;Frankfurt;0;4;Leverkusen;paulinho;384339;14;Leverkusen;paulinho;384339;49;Leverkusen;paulinho;384339;55;Leverkusen;paulinho;384339;4;Leverkusen;karim;bellarabi;14;Leverkusen;karim;bellarabi;49;Leverkusen;karim;bellarabi;55;Leverkusen;karim;bellarabi;4;Leverkusen;kai;havertz;14;Leverkusen;kai;havertz;49;Leverkusen;kai;havertz;55;Leverkusen;kai;havertz;
07.03.2020;Wolfsburg;0;RB Leipzig;0;
07.03.2020;Mönchengladbach;0;Dortmund;0;8;Dortmund;achraf;hakimi;50;Dortmund;achraf;hakimi;71;Dortmund;achraf;hakimi;8;Dortmund;thorgan;hazard;50;Dortmund;thorgan;hazard;71;Dortmund;thorgan;hazard;8;Mönchengladbach;lars;stindl;50;Mönchengladbach;lars;stindl;71;Mönchengladbach;lars;stindl;
08.03.2020;Bayern;0;Augsburg;0;53;Bayern;leon;goretzka;90;Bayern;leon;goretzka;53;Bayern;thomas;mueller;90;Bayern;thomas;mueller;
08.03.2020;Mainz;0;Düsseldorf;0;61;Düsseldorf;kenan;karaman;85;Düsseldorf;kenan;karaman;61;Mainz;levin;oeztunali;85;Mainz;levin;oeztunali;
16.05.2020;Dortmund;0;Schalke;0;29;Dortmund;raphael;guerreiro;45;Dortmund;raphael;guerreiro;48;Dortmund;raphael;guerreiro;63;Dortmund;raphael;guerreiro;29;Dortmund;erling;haaland;45;Dortmund;erling;haaland;48;Dortmund;erling;haaland;63;Dortmund;erling;haaland;29;Dortmund;thorgan;hazard;45;Dortmund;thorgan;hazard;48;Dortmund;thorgan;hazard;63;Dortmund;thorgan;hazard;
16.05.2020;RB Leipzig;0;Freiburg;0;34;Freiburg;manuel;gulde;77;Freiburg;manuel;gulde;34;RB Leipzig;yussuf;poulsen;77;RB Leipzig;yussuf;poulsen;
16.05.2020;Hoffenheim;0;Hertha BSC;0;58;Hertha BSC;kevin;akpoguma;60;Hertha BSC;kevin;akpoguma;74;Hertha BSC;kevin;akpoguma;58;Hertha BSC;matheus;cunha;60;Hertha BSC;matheus;cunha;74;Hertha BSC;matheus;cunha;58;Hertha BSC;vedad;ibisevic;60;Hertha BSC;vedad;ibisevic;74;Hertha BSC;vedad;ibisevic;
16.05.2020;Düsseldorf;0;Paderborn;0;
16.05.2020;Augsburg;0;Wolfsburg;0;43;Wolfsburg;daniel;ginczek;54;Wolfsburg;daniel;ginczek;90;Wolfsburg;daniel;ginczek;43;Augsburg;tin;jedvaj;54;Augsburg;tin;jedvaj;90;Augsburg;tin;jedvaj;43;Wolfsburg;renato;steffen;54;Wolfsburg;renato;steffen;90;Wolfsburg;renato;steffen;
16.05.2020;Frankfurt;0;Mönchengladbach;0;1;Mönchengladbach;ramy;bensebaini;7;Mönchengladbach;ramy;bensebaini;73;Mönchengladbach;ramy;bensebaini;81;Mönchengladbach;ramy;bensebaini;1;Mönchengladbach;alassane;plea;7;Mönchengladbach;alassane;plea;73;Mönchengladbach;alassane;plea;81;Mönchengladbach;alassane;plea;1;Frankfurt;andre;silva;7;Frankfurt;andre;silva;73;Frankfurt;andre;silva;81;Frankfurt;andre;silva;1;Mönchengladbach;marcus;thuram;7;Mönchengladbach;marcus;thuram;73;Mönchengladbach;marcus;thuram;81;Mönchengladbach;marcus;thuram;
17.05.2020;Köln;0;Mainz;0;6;Mainz;taiwo;awoniyi;53;Mainz;taiwo;awoniyi;61;Mainz;taiwo;awoniyi;72;Mainz;taiwo;awoniyi;6;Köln;florian;kainz;53;Köln;florian;kainz;61;Köln;florian;kainz;72;Köln;florian;kainz;6;Mainz;pierre;kunde;53;Mainz;pierre;kunde;61;Mainz;pierre;kunde;72;Mainz;pierre;kunde;6;Köln;mark;uth;53;Köln;mark;uth;61;Köln;mark;uth;72;Köln;mark;uth;
17.05.2020;Union Berlin;0;Bayern;0;40;Bayern;robert;lewandowski;80;Bayern;robert;lewandowski;40;Bayern;benjamin;pavard;80;Bayern;benjamin;pavard;
18.05.2020;Bremen;0;Leverkusen;0;28;Leverkusen;kerem;demirbay;30;Leverkusen;kerem;demirbay;33;Leverkusen;kerem;demirbay;61;Leverkusen;kerem;demirbay;78;Leverkusen;kerem;demirbay;28;Bremen;theodor;gebre;30;Bremen;theodor;gebre;33;Bremen;theodor;gebre;61;Bremen;theodor;gebre;78;Bremen;theodor;gebre;28;Leverkusen;kai;havertz;30;Leverkusen;kai;havertz;33;Leverkusen;kai;havertz;61;Leverkusen;kai;havertz;78;Leverkusen;kai;havertz;28;Leverkusen;mitchell;weiser;30;Leverkusen;mitchell;weiser;33;Leverkusen;mitchell;weiser;61;Leverkusen;mitchell;weiser;78;Leverkusen;mitchell;weiser;
22.05.2020;Hertha BSC;0;Union Berlin;0;51;Hertha BSC;dedryck;boyata;52;Hertha BSC;dedryck;boyata;61;Hertha BSC;dedryck;boyata;77;Hertha BSC;dedryck;boyata;51;Hertha BSC;matheus;cunha;52;Hertha BSC;matheus;cunha;61;Hertha BSC;matheus;cunha;77;Hertha BSC;matheus;cunha;51;Hertha BSC;vedad;ibisevic;52;Hertha BSC;vedad;ibisevic;61;Hertha BSC;vedad;ibisevic;77;Hertha BSC;vedad;ibisevic;51;Hertha BSC;dodi;lukebakio;52;Hertha BSC;dodi;lukebakio;61;Hertha BSC;dodi;lukebakio;77;Hertha BSC;dodi;lukebakio;
23.05.2020;Mönchengladbach;0;Leverkusen;0;7;Leverkusen;sven;bender;52;Leverkusen;sven;bender;58;Leverkusen;sven;bender;81;Leverkusen;sven;bender;7;Leverkusen;kai;havertz;52;Leverkusen;kai;havertz;58;Leverkusen;kai;havertz;81;Leverkusen;kai;havertz;7;Mönchengladbach;marcus;thuram;52;Mönchengladbach;marcus;thuram;58;Mönchengladbach;marcus;thuram;81;Mönchengladbach;marcus;thuram;
23.05.2020;Wolfsburg;0;Dortmund;0;32;Dortmund;raphael;guerreiro;78;Dortmund;raphael;guerreiro;32;Dortmund;achraf;hakimi;78;Dortmund;achraf;hakimi;
23.05.2020;Freiburg;0;Bremen;0;19;Bremen;leonardo;bittencourt;
23.05.2020;Paderborn;0;Hoffenheim;0;4;Hoffenheim;robert;skov;9;Hoffenheim;robert;skov;4;Paderborn;dennis;srbeny;9;Paderborn;dennis;srbeny;
23.05.2020;Bayern;0;Frankfurt;0;17;Bayern;alphonso;davies;41;Bayern;alphonso;davies;46;Bayern;alphonso;davies;52;Bayern;alphonso;davies;55;Bayern;alphonso;davies;61;Bayern;alphonso;davies;74;Bayern;alphonso;davies;17;Bayern;leon;goretzka;41;Bayern;leon;goretzka;46;Bayern;leon;goretzka;52;Bayern;leon;goretzka;55;Bayern;leon;goretzka;61;Bayern;leon;goretzka;74;Bayern;leon;goretzka;17;Frankfurt;martin;hinteregger;41;Frankfurt;martin;hinteregger;46;Frankfurt;martin;hinteregger;52;Frankfurt;martin;hinteregger;55;Frankfurt;martin;hinteregger;61;Frankfurt;martin;hinteregger;74;Frankfurt;martin;hinteregger;17;Bayern;robert;lewandowski;41;Bayern;robert;lewandowski;46;Bayern;robert;lewandowski;52;Bayern;robert;lewandowski;55;Bayern;robert;lewandowski;61;Bayern;robert;lewandowski;74;Bayern;robert;lewandowski;17;Bayern;thomas;mueller;41;Bayern;thomas;mueller;46;Bayern;thomas;mueller;52;Bayern;thomas;mueller;55;Bayern;thomas;mueller;61;Bayern;thomas;mueller;74;Bayern;thomas;mueller;
24.05.2020;Schalke;0;Augsburg;0;6;Augsburg;sergio;cordova;76;Augsburg;sergio;cordova;90;Augsburg;sergio;cordova;6;Augsburg;noah;joel;76;Augsburg;noah;joel;90;Augsburg;noah;joel;6;Augsburg;eduard;loewen;76;Augsburg;eduard;loewen;90;Augsburg;eduard;loewen;
24.05.2020;Mainz;0;RB Leipzig;0;11;RB Leipzig;yussuf;poulsen;23;RB Leipzig;yussuf;poulsen;36;RB Leipzig;yussuf;poulsen;48;RB Leipzig;yussuf;poulsen;75;RB Leipzig;yussuf;poulsen;11;RB Leipzig;marcel;sabitzer;23;RB Leipzig;marcel;sabitzer;36;RB Leipzig;marcel;sabitzer;48;RB Leipzig;marcel;sabitzer;75;RB Leipzig;marcel;sabitzer;11;RB Leipzig;timo;werner;23;RB Leipzig;timo;werner;36;RB Leipzig;timo;werner;48;RB Leipzig;timo;werner;75;RB Leipzig;timo;werner;
24.05.2020;Köln;0;Düsseldorf;0;41;Köln;jhon;cordoba;61;Köln;jhon;cordoba;88;Köln;jhon;cordoba;90;Köln;jhon;cordoba;41;Düsseldorf;kenan;karaman;61;Düsseldorf;kenan;karaman;88;Düsseldorf;kenan;karaman;90;Düsseldorf;kenan;karaman;41;Köln;anthony;modeste;61;Köln;anthony;modeste;88;Köln;anthony;modeste;90;Köln;anthony;modeste;41;Düsseldorf;erik;thommy;61;Düsseldorf;erik;thommy;88;Düsseldorf;erik;thommy;90;Düsseldorf;erik;thommy;
26.05.2020;Dortmund;0;Bayern;0;43;Bayern;joshua;kimmich;
26.05.2020;Leverkusen;0;Wolfsburg;0;43;Wolfsburg;maximilian;arnold;64;Wolfsburg;maximilian;arnold;67;Wolfsburg;maximilian;arnold;75;Wolfsburg;maximilian;arnold;85;Wolfsburg;maximilian;arnold;43;Leverkusen;julian;baumgartlinger;64;Leverkusen;julian;baumgartlinger;67;Leverkusen;julian;baumgartlinger;75;Leverkusen;julian;baumgartlinger;85;Leverkusen;julian;baumgartlinger;43;Wolfsburg;marin;pongracic;64;Wolfsburg;marin;pongracic;67;Wolfsburg;marin;pongracic;75;Wolfsburg;marin;pongracic;85;Wolfsburg;marin;pongracic;43;Wolfsburg;renato;steffen;64;Wolfsburg;renato;steffen;67;Wolfsburg;renato;steffen;75;Wolfsburg;renato;steffen;85;Wolfsburg;renato;steffen;
26.05.2020;Frankfurt;0;Freiburg;0;28;Frankfurt;timothy;chandler;35;Frankfurt;timothy;chandler;67;Frankfurt;timothy;chandler;69;Frankfurt;timothy;chandler;79;Frankfurt;timothy;chandler;82;Frankfurt;timothy;chandler;28;Freiburg;vincenzo;grifo;35;Freiburg;vincenzo;grifo;67;Freiburg;vincenzo;grifo;69;Freiburg;vincenzo;grifo;79;Freiburg;vincenzo;grifo;82;Freiburg;vincenzo;grifo;28;Freiburg;lucas;holer;35;Freiburg;lucas;holer;67;Freiburg;lucas;holer;69;Freiburg;lucas;holer;79;Freiburg;lucas;holer;82;Freiburg;lucas;holer;28;Frankfurt;daichi;kamada;35;Frankfurt;daichi;kamada;67;Frankfurt;daichi;kamada;69;Frankfurt;daichi;kamada;79;Frankfurt;daichi;kamada;82;Frankfurt;daichi;kamada;28;Freiburg;nils;petersen;35;Freiburg;nils;petersen;67;Freiburg;nils;petersen;69;Freiburg;nils;petersen;79;Freiburg;nils;petersen;82;Freiburg;nils;petersen;28;Frankfurt;andre;silva;35;Frankfurt;andre;silva;67;Frankfurt;andre;silva;69;Frankfurt;andre;silva;79;Frankfurt;andre;silva;82;Frankfurt;andre;silva;
26.05.2020;Bremen;0;Mönchengladbach;0;
27.05.2020;RB Leipzig;0;Hertha BSC;0;9;Hertha BSC;marko;grujic;24;Hertha BSC;marko;grujic;68;Hertha BSC;marko;grujic;82;Hertha BSC;marko;grujic;9;RB Leipzig;lukas;klostermann;24;RB Leipzig;lukas;klostermann;68;RB Leipzig;lukas;klostermann;82;RB Leipzig;lukas;klostermann;9;Hertha BSC;krzysztof;piatek;24;Hertha BSC;krzysztof;piatek;68;Hertha BSC;krzysztof;piatek;82;Hertha BSC;krzysztof;piatek;9;RB Leipzig;patrik;schick;24;RB Leipzig;patrik;schick;68;RB Leipzig;patrik;schick;82;RB Leipzig;patrik;schick;
27.05.2020;Hoffenheim;0;Köln;0;11;Hoffenheim;christoph;baumgartner;46;Hoffenheim;christoph;baumgartner;48;Hoffenheim;christoph;baumgartner;60;Hoffenheim;christoph;baumgartner;11;Köln;florian;kainz;46;Köln;florian;kainz;48;Köln;florian;kainz;60;Köln;florian;kainz;11;Hoffenheim;steven;zuber;46;Hoffenheim;steven;zuber;48;Hoffenheim;steven;zuber;60;Hoffenheim;steven;zuber;
27.05.2020;Düsseldorf;0;Schalke;0;53;Düsseldorf;rouwen;hennings;63;Düsseldorf;rouwen;hennings;68;Düsseldorf;rouwen;hennings;53;Düsseldorf;kenan;karaman;63;Düsseldorf;kenan;karaman;68;Düsseldorf;kenan;karaman;53;Schalke;weston;mckennie;63;Schalke;weston;mckennie;68;Schalke;weston;mckennie;
27.05.2020;Augsburg;0;Paderborn;0;
27.05.2020;Union Berlin;0;Mainz;0;13;Mainz;ridle;baku;33;Mainz;ridle;baku;13;Union Berlin;marcus;ingvartsen;33;Union Berlin;marcus;ingvartsen;
29.05.2020;Freiburg;0;Leverkusen;0;54;Leverkusen;kai;havertz;
30.05.2020;Mainz;0;Hoffenheim;0;43;Hoffenheim;ihlas;bebou;
30.05.2020;Schalke;0;Bremen;0;32;Bremen;leonardo;bittencourt;
30.05.2020;Wolfsburg;0;Frankfurt;0;27;Frankfurt;daichi;kamada;58;Frankfurt;daichi;kamada;85;Frankfurt;daichi;kamada;27;Wolfsburg;kevin;mbabu;58;Wolfsburg;kevin;mbabu;85;Wolfsburg;kevin;mbabu;27;Frankfurt;andre;silva;58;Frankfurt;andre;silva;85;Frankfurt;andre;silva;
30.05.2020;Hertha BSC;0;Augsburg;0;23;Hertha BSC;javairo;dilrosun;90;Hertha BSC;javairo;dilrosun;23;Hertha BSC;krzysztof;piatek;90;Hertha BSC;krzysztof;piatek;
30.05.2020;Bayern;0;Düsseldorf;0;15;Bayern;alphonso;davies;29;Bayern;alphonso;davies;43;Bayern;alphonso;davies;50;Bayern;alphonso;davies;52;Bayern;alphonso;davies;15;Bayern;mathias;jorgensen;29;Bayern;mathias;jorgensen;43;Bayern;mathias;jorgensen;50;Bayern;mathias;jorgensen;52;Bayern;mathias;jorgensen;15;Bayern;robert;lewandowski;29;Bayern;robert;lewandowski;43;Bayern;robert;lewandowski;50;Bayern;robert;lewandowski;52;Bayern;robert;lewandowski;15;Bayern;benjamin;pavard;29;Bayern;benjamin;pavard;43;Bayern;benjamin;pavard;50;Bayern;benjamin;pavard;52;Bayern;benjamin;pavard;
31.05.2020;Mönchengladbach;0;Union Berlin;0;17;Union Berlin;sebastian;andersson;41;Union Berlin;sebastian;andersson;50;Union Berlin;sebastian;andersson;59;Union Berlin;sebastian;andersson;81;Union Berlin;sebastian;andersson;17;Mönchengladbach;florian;neuhaus;41;Mönchengladbach;florian;neuhaus;50;Mönchengladbach;florian;neuhaus;59;Mönchengladbach;florian;neuhaus;81;Mönchengladbach;florian;neuhaus;17;Mönchengladbach;alassane;plea;41;Mönchengladbach;alassane;plea;50;Mönchengladbach;alassane;plea;59;Mönchengladbach;alassane;plea;81;Mönchengladbach;alassane;plea;17;Mönchengladbach;marcus;thuram;41;Mönchengladbach;marcus;thuram;50;Mönchengladbach;marcus;thuram;59;Mönchengladbach;marcus;thuram;81;Mönchengladbach;marcus;thuram;
31.05.2020;Paderborn;0;Dortmund;0;54;Dortmund;achraf;hakimi;57;Dortmund;achraf;hakimi;72;Dortmund;achraf;hakimi;74;Dortmund;achraf;hakimi;85;Dortmund;achraf;hakimi;89;Dortmund;achraf;hakimi;90;Dortmund;achraf;hakimi;54;Dortmund;thorgan;hazard;57;Dortmund;thorgan;hazard;72;Dortmund;thorgan;hazard;74;Dortmund;thorgan;hazard;85;Dortmund;thorgan;hazard;89;Dortmund;thorgan;hazard;90;Dortmund;thorgan;hazard;54;Paderborn;uwe;huenemeier;57;Paderborn;uwe;huenemeier;72;Paderborn;uwe;huenemeier;74;Paderborn;uwe;huenemeier;85;Paderborn;uwe;huenemeier;89;Paderborn;uwe;huenemeier;90;Paderborn;uwe;huenemeier;54;Dortmund;jadon;sancho;57;Dortmund;jadon;sancho;72;Dortmund;jadon;sancho;74;Dortmund;jadon;sancho;85;Dortmund;jadon;sancho;89;Dortmund;jadon;sancho;90;Dortmund;jadon;sancho;54;Dortmund;marcel;schmelzer;57;Dortmund;marcel;schmelzer;72;Dortmund;marcel;schmelzer;74;Dortmund;marcel;schmelzer;85;Dortmund;marcel;schmelzer;89;Dortmund;marcel;schmelzer;90;Dortmund;marcel;schmelzer;
01.06.2020;Köln;0;RB Leipzig;0;7;Köln;jhon;cordoba;20;Köln;jhon;cordoba;38;Köln;jhon;cordoba;50;Köln;jhon;cordoba;55;Köln;jhon;cordoba;57;Köln;jhon;cordoba;7;Köln;anthony;modeste;20;Köln;anthony;modeste;38;Köln;anthony;modeste;50;Köln;anthony;modeste;55;Köln;anthony;modeste;57;Köln;anthony;modeste;7;RB Leipzig;christopher;nkunku;20;RB Leipzig;christopher;nkunku;38;RB Leipzig;christopher;nkunku;50;RB Leipzig;christopher;nkunku;55;RB Leipzig;christopher;nkunku;57;RB Leipzig;christopher;nkunku;7;RB Leipzig;dani;olmo;20;RB Leipzig;dani;olmo;38;RB Leipzig;dani;olmo;50;RB Leipzig;dani;olmo;55;RB Leipzig;dani;olmo;57;RB Leipzig;dani;olmo;7;RB Leipzig;patrik;schick;20;RB Leipzig;patrik;schick;38;RB Leipzig;patrik;schick;50;RB Leipzig;patrik;schick;55;RB Leipzig;patrik;schick;57;RB Leipzig;patrik;schick;7;RB Leipzig;timo;werner;20;RB Leipzig;timo;werner;38;RB Leipzig;timo;werner;50;RB Leipzig;timo;werner;55;RB Leipzig;timo;werner;57;RB Leipzig;timo;werner;
05.06.2020;Freiburg;0;Mönchengladbach;0;59;Freiburg;nils;petersen;
06.06.2020;RB Leipzig;0;Paderborn;0;27;RB Leipzig;patrik;schick;90;RB Leipzig;patrik;schick;27;Paderborn;christian;strohdiek;90;Paderborn;christian;strohdiek;
06.06.2020;Leverkusen;0;Bayern;0;9;Leverkusen;lucas;alario;27;Leverkusen;lucas;alario;42;Leverkusen;lucas;alario;45;Leverkusen;lucas;alario;66;Leverkusen;lucas;alario;89;Leverkusen;lucas;alario;9;Bayern;kingsley;coman;27;Bayern;kingsley;coman;42;Bayern;kingsley;coman;45;Bayern;kingsley;coman;66;Bayern;kingsley;coman;89;Bayern;kingsley;coman;9;Bayern;serge;gnabry;27;Bayern;serge;gnabry;42;Bayern;serge;gnabry;45;Bayern;serge;gnabry;66;Bayern;serge;gnabry;89;Bayern;serge;gnabry;9;Bayern;leon;goretzka;27;Bayern;leon;goretzka;42;Bayern;leon;goretzka;45;Bayern;leon;goretzka;66;Bayern;leon;goretzka;89;Bayern;leon;goretzka;9;Bayern;robert;lewandowski;27;Bayern;robert;lewandowski;42;Bayern;robert;lewandowski;45;Bayern;robert;lewandowski;66;Bayern;robert;lewandowski;89;Bayern;robert;lewandowski;9;Leverkusen;florian;wirtz;27;Leverkusen;florian;wirtz;42;Leverkusen;florian;wirtz;45;Leverkusen;florian;wirtz;66;Leverkusen;florian;wirtz;89;Leverkusen;florian;wirtz;
06.06.2020;Frankfurt;0;Mainz;0;43;Mainz;pierre;kunde;77;Mainz;pierre;kunde;43;Mainz;moussa;niakhate;77;Mainz;moussa;niakhate;
06.06.2020;Düsseldorf;0;Hoffenheim;0;5;Hoffenheim;munas;dabbur;16;Hoffenheim;munas;dabbur;61;Hoffenheim;munas;dabbur;76;Hoffenheim;munas;dabbur;5;Düsseldorf;rouwen;hennings;16;Düsseldorf;rouwen;hennings;61;Düsseldorf;rouwen;hennings;76;Düsseldorf;rouwen;hennings;5;Hoffenheim;steven;zuber;16;Hoffenheim;steven;zuber;61;Hoffenheim;steven;zuber;76;Hoffenheim;steven;zuber;
06.06.2020;Dortmund;0;Hertha BSC;0;58;Dortmund;emre;can;
07.06.2020;Bremen;0;Wolfsburg;0;82;Wolfsburg;wout;weghorst;
07.06.2020;Union Berlin;0;Schalke;0;11;Union Berlin;robert;andrich;28;Union Berlin;robert;andrich;11;Schalke;jonjoe;kenny;28;Schalke;jonjoe;kenny;
07.06.2020;Augsburg;0;Köln;0;85;Augsburg;philipp;max;88;Augsburg;philipp;max;85;Köln;anthony;modeste;88;Köln;anthony;modeste;
12.06.2020;Hoffenheim;0;RB Leipzig;0;9;RB Leipzig;dani;olmo;11;RB Leipzig;dani;olmo;
13.06.2020;Wolfsburg;0;Freiburg;0;14;Freiburg;lucas;holer;27;Freiburg;lucas;holer;43;Freiburg;lucas;holer;46;Freiburg;lucas;holer;14;Freiburg;roland;sallai;27;Freiburg;roland;sallai;43;Freiburg;roland;sallai;46;Freiburg;roland;sallai;14;Wolfsburg;wout;weghorst;27;Wolfsburg;wout;weghorst;43;Wolfsburg;wout;weghorst;46;Wolfsburg;wout;weghorst;
13.06.2020;Düsseldorf;0;Dortmund;0;90;Dortmund;erling;haaland;
13.06.2020;Hertha BSC;0;Frankfurt;0;24;Frankfurt;bas;dost;51;Frankfurt;bas;dost;62;Frankfurt;bas;dost;68;Frankfurt;bas;dost;86;Frankfurt;bas;dost;24;Frankfurt;evan;n;51;Frankfurt;evan;n;62;Frankfurt;evan;n;68;Frankfurt;evan;n;86;Frankfurt;evan;n;24;Hertha BSC;krzysztof;piatek;51;Hertha BSC;krzysztof;piatek;62;Hertha BSC;krzysztof;piatek;68;Hertha BSC;krzysztof;piatek;86;Hertha BSC;krzysztof;piatek;24;Frankfurt;andre;silva;51;Frankfurt;andre;silva;62;Frankfurt;andre;silva;68;Frankfurt;andre;silva;86;Frankfurt;andre;silva;
13.06.2020;Köln;0;Union Berlin;0;39;Köln;jhon;cordoba;67;Köln;jhon;cordoba;90;Köln;jhon;cordoba;39;Union Berlin;marvin;friedrich;67;Union Berlin;marvin;friedrich;90;Union Berlin;marvin;friedrich;39;Union Berlin;christian;gentner;67;Union Berlin;christian;gentner;90;Union Berlin;christian;gentner;
13.06.2020;Paderborn;0;Bremen;0;20;Bremen;maximilian;eggestein;34;Bremen;maximilian;eggestein;39;Bremen;maximilian;eggestein;59;Bremen;maximilian;eggestein;66;Bremen;maximilian;eggestein;90;Bremen;maximilian;eggestein;20;Bremen;niclas;fuellkrug;34;Bremen;niclas;fuellkrug;39;Bremen;niclas;fuellkrug;59;Bremen;niclas;fuellkrug;66;Bremen;niclas;fuellkrug;90;Bremen;niclas;fuellkrug;20;Bremen;davy;klaassen;34;Bremen;davy;klaassen;39;Bremen;davy;klaassen;59;Bremen;davy;klaassen;66;Bremen;davy;klaassen;90;Bremen;davy;klaassen;20;Bremen;yuya;osako;34;Bremen;yuya;osako;39;Bremen;yuya;osako;59;Bremen;yuya;osako;66;Bremen;yuya;osako;90;Bremen;yuya;osako;20;Paderborn;abdelhamid;sabiri;34;Paderborn;abdelhamid;sabiri;39;Paderborn;abdelhamid;sabiri;59;Paderborn;abdelhamid;sabiri;66;Paderborn;abdelhamid;sabiri;90;Paderborn;abdelhamid;sabiri;
13.06.2020;Bayern;0;Mönchengladbach;0;26;Bayern;leon;goretzka;37;Bayern;leon;goretzka;86;Bayern;leon;goretzka;26;Mönchengladbach;benjamin;pavard;37;Mönchengladbach;benjamin;pavard;86;Mönchengladbach;benjamin;pavard;26;Bayern;joshua;zirkzee;37;Bayern;joshua;zirkzee;86;Bayern;joshua;zirkzee;
14.06.2020;Mainz;0;Augsburg;0;1;Augsburg;florian;niederlechner;
14.06.2020;Schalke;0;Leverkusen;0;51;Schalke;daniel;caligiuri;81;Schalke;daniel;caligiuri;51;Leverkusen;juan;miranda;81;Leverkusen;juan;miranda;
16.06.2020;Mönchengladbach;0;Wolfsburg;0;10;Mönchengladbach;jonas;hofmann;30;Mönchengladbach;jonas;hofmann;65;Mönchengladbach;jonas;hofmann;10;Mönchengladbach;lars;stindl;30;Mönchengladbach;lars;stindl;65;Mönchengladbach;lars;stindl;
16.06.2020;Freiburg;0;Hertha BSC;0;61;Freiburg;vincenzo;grifo;66;Freiburg;vincenzo;grifo;71;Freiburg;vincenzo;grifo;61;Hertha BSC;vedad;ibisevic;66;Hertha BSC;vedad;ibisevic;71;Hertha BSC;vedad;ibisevic;61;Freiburg;nils;petersen;66;Freiburg;nils;petersen;71;Freiburg;nils;petersen;
16.06.2020;Union Berlin;0;Paderborn;0;27;Union Berlin;ben;zolinski;
16.06.2020;Bremen;0;Bayern;0;43;Bayern;robert;lewandowski;
17.06.2020;Frankfurt;0;Schalke;0;28;Frankfurt;david;abraham;50;Frankfurt;david;abraham;59;Frankfurt;david;abraham;28;Schalke;weston;mckennie;50;Schalke;weston;mckennie;59;Schalke;weston;mckennie;28;Frankfurt;andre;silva;50;Frankfurt;andre;silva;59;Frankfurt;andre;silva;
17.06.2020;Augsburg;0;Hoffenheim;0;59;Hoffenheim;ihlas;bebou;62;Hoffenheim;ihlas;bebou;69;Hoffenheim;ihlas;bebou;89;Hoffenheim;ihlas;bebou;59;Hoffenheim;munas;dabbur;62;Hoffenheim;munas;dabbur;69;Hoffenheim;munas;dabbur;89;Hoffenheim;munas;dabbur;59;Augsburg;ruben;vargas;62;Augsburg;ruben;vargas;69;Augsburg;ruben;vargas;89;Augsburg;ruben;vargas;
17.06.2020;Dortmund;0;Mainz;0;33;Mainz;jonathan;michael;49;Mainz;jonathan;michael;33;Mainz;jean;philippe;49;Mainz;jean;philippe;
17.06.2020;RB Leipzig;0;Düsseldorf;0;60;Düsseldorf;andre;hoffmann;63;Düsseldorf;andre;hoffmann;87;Düsseldorf;andre;hoffmann;90;Düsseldorf;andre;hoffmann;60;RB Leipzig;kevin;kampl;63;RB Leipzig;kevin;kampl;87;RB Leipzig;kevin;kampl;90;RB Leipzig;kevin;kampl;60;Düsseldorf;steven;skrzybski;63;Düsseldorf;steven;skrzybski;87;Düsseldorf;steven;skrzybski;90;Düsseldorf;steven;skrzybski;60;RB Leipzig;timo;werner;63;RB Leipzig;timo;werner;87;RB Leipzig;timo;werner;90;RB Leipzig;timo;werner;
17.06.2020;Leverkusen;0;Köln;0;7;Leverkusen;sven;bender;39;Leverkusen;sven;bender;59;Leverkusen;sven;bender;83;Leverkusen;sven;bender;7;Köln;sebastiaan;bornauw;39;Köln;sebastiaan;bornauw;59;Köln;sebastiaan;bornauw;83;Köln;sebastiaan;bornauw;7;Leverkusen;moussa;diaby;39;Leverkusen;moussa;diaby;59;Leverkusen;moussa;diaby;83;Leverkusen;moussa;diaby;7;Leverkusen;kai;havertz;39;Leverkusen;kai;havertz;59;Leverkusen;kai;havertz;83;Leverkusen;kai;havertz;
